Keywords, Counts
QA, 601
建管小百科, 123
戶政, 101
房地走廊, 101
申請, 98
觀光服務, 86
土地登記, 86
都市發展局, 80
娛樂稅, 78
人民申請案件, 77
地籍清理, 71
身心障礙, 68
印花稅, 68
收費, 67
役男, 65
台北卡, 59
文化藝術展演, 54
補助, 51
運動中心, 51
世大運, 49
身心障礙者, 48
體育局, 48
臺北市, 47
不動產交易安全, 45
醫事管理, 45
課徵範圍, 45
免稅, 44
公司登記, 44
地價稅, 44
地籍測量, 44
繳費, 43
使用牌照稅, 43
職業災害, 41
應稅, 41
房屋稅, 40
土地測量, 40
民眾經常詢問之問題, 38
藝文推廣處, 38
工業行政與產業發展, 38
兒童, 37
國家賠償, 36
青年創業融資貸款, 35
實價登錄, 35
i-Voting, 34
機電設計, 33
勞資爭議, 33
噪音, 32
游泳池, 31
交通, 31
空氣污染, 31
專用垃圾袋, 31
稅率, 31
人行道, 30
其他, 29
額滿學校, 29
校園霸凌防制準則, 29
拆遷補償, 29
土地增值稅, 29
捷運, 28
交通維持, 28
傳播服務, 28
檢舉, 28
工廠登記, 28
地價, 28
兒童托育, 27
稅捐保全, 27
退稅, 27
職工福利委員會, 26
無線上網, 26
工務局, 25
勞工, 25
號誌, 24
身分證, 24
平日公假, 24
不動產業者, 24
就業歧視, 24
醫療福利, 24
消費者保護, 23
自行車, 23
申訴, 23
臺北市補助工商團體及廠商海外參展計畫, 23
商品標示, 23
中小企業融資貸款, 23
出境, 23
繳納方式, 23
臺北好好看系列二, 22
土壤液化, 22
繳錢, 22
公用事業督導管理, 22
水費, 22
國賠賠償, 22
津貼, 21
颱風, 21
臺北市政府, 21
電話, 21
環境維護, 21
市地重劃, 21
危險性作業, 21
假日夜間, 21
文化資產保存與維護, 21
公有零售市(商)場, 21
失業勞工子女就學補助, 21
徵收, 21
路權室, 21
減免規定, 21
費用, 20
調解, 20
局處線上, 20
希望專案, 20
免息貸款, 20
土地徵收, 20
土地複丈, 20
常見問答, 19
服務, 19
拖吊, 19
新修正之勞動基準法, 19
新修法, 19
戶籍, 19
一般噪音, 19
地方稅業務, 19
財產, 19
貸款資格, 19
參觀及交通問題, 19
菸害防制, 19
保險, 18
區戶快易通, 18
溫泉, 18
替代役, 18
首長駕駛, 18
區段徵收, 18
水單, 18
商業登記, 18
計程車, 18
新生入學, 18
1999, 18
補習班, 18
學雜費, 18
訴願審議, 18
水質, 18
古蹟指定, 18
申請貸款, 18
身心障礙停車措施, 18
契稅, 18
動物保護, 18
內湖, 17
土木科, 17
月報表, 17
南工處, 17
就學, 17
罰鍰, 17
水費單, 17
臺北市立陽明教養院, 17
學生悠遊卡, 17
查詢所得, 17
地價及現值, 17
本處FAQ, 17
河濱公園, 17
美術教育之推廣, 17
動物之家, 17
所有權變更登記, 17
徵收與撥用, 17
議員常質詢之案件, 16
查詢, 16
綜企, 16
兵役, 16
記名, 16
經紀業, 16
光纖, 16
文書類, 16
古蹟資訊, 16
地籍謄本及圖資申請, 16
自用住宅, 16
本處及分處地址, 16
老人, 15
旅客, 15
悠遊卡, 15
健康服務, 15
臺北市補助創業團隊出國參與創業計畫, 15
終身學習, 15
門牌, 15
遷徙, 15
違規, 15
國小, 15
申請資格, 15
工程承裝業之登記管理, 15
權益編管FAQ, 15
權益編管, 15
資源回收, 15
清理程序, 15
國民年金, 14
老人福利, 14
機電設施, 14
區公所, 14
退費, 14
停車, 14
美沙冬, 14
工資, 14
廢棄物, 14
罰則, 14
有關收費事項, 14
營業項目, 14
藥政管理, 14
衛生教育, 14
當舖, 14
愛心悠遊卡, 14
愛心陪伴悠遊卡, 14
勞動基準法第84條之1, 14
台北卡兌點, 14
台北卡申辦, 14
規費, 14
勞動教育補助, 14
南深陸閘, 14
仲裁, 14
求職陷阱, 14
納稅義務人, 14
食品衛生, 14
藝文補助, 14
電聯車, 13
選手村, 13
國際志工, 13
回饋設施, 13
學雜費補助, 13
諮詢服務問題, 13
提早入學, 13
狂犬病, 13
通則, 13
公車, 13
失業(再)認定, 13
直銷, 13
模特兒經濟招募廣告, 13
地上權, 13
動物園, 13
聯合開發, 13
開發處, 13
經濟, 12
車輛, 12
志工, 12
身心障礙教育, 12
轉學, 12
母乳, 12
政令宣導, 12
國小新生入學及分發, 12
設戶籍, 12
網路市民, 12
補償費, 12
服役, 12
不動產服務業者, 12
勞工保險, 12
瓦斯, 12
室內空氣品質, 12
地籍圖重測, 12
兒童醫療補助, 12
繼承, 12
國稅局業務, 12
減免及相關規定, 12
登記規費及罰鍰, 12
低收入戶, 11
場地租借, 11
捷運系統, 11
證件, 11
網路, 11
停車場, 11
掛號, 11
體檢, 11
收據, 11
救護車, 11
路網規劃, 11
節能減碳, 11
大稻埕戲苑, 11
城市舞台, 11
採購, 11
一問一答, 11
哺集乳室, 11
擔保, 11
菸害防制法, 11
外籍勞工權益諮詢, 11
郵寄, 11
定型化契約, 11
防疫, 11
登記謄本, 11
勞動檢查, 11
救護管理, 11
代徵娛樂稅, 11
如何繳納印花稅, 11
特殊照護管理, 11
藥事管理, 11
社會救助, 10
市政大樓, 10
影印, 10
統計, 10
場地使用, 10
環保, 10
公廁, 10
優惠, 10
悠遊卡加值金, 10
遺失, 10
助妳好孕, 10
垃圾處理, 10
汽車, 10
新一代學生悠遊卡, 10
禁菸, 10
類別, 10
外籍勞工工作場所檢查, 10
齊一公私立高中職學費方案, 10
外國人地權, 10
地權限制, 10
動產擔保交易登記, 10
抄錄, 10
留學貸款, 10
攤販, 10
房屋租金, 10
爭議, 10
活動資訊, 10
抵押權, 10
申請方式, 10
建物測量, 10
交通事故, 9
場館問題, 9
新生兒, 9
托育, 9
齊一學費, 9
免學費, 9
預約, 9
輪狀病毒疫苗, 9
契約, 9
廚餘, 9
應備證件, 9
河川管理, 9
內湖科技園區, 9
員工酬勞, 9
公司法第235條之1, 9
計算, 9
交通管制, 9
戒菸, 9
限制出境, 9
露天座, 9
國中, 9
青年留學, 9
臺北市產業發展自治條例, 9
未登記工廠補辦臨時工廠登記, 9
當鋪, 9
市政網站, 9
自來水管承裝商, 9
職業訓練, 9
票務, 9
協助特定對象大專校院學生暑期工讀招募, 9
身心障礙就業, 9
路邊, 9
照護補助, 9
新舊制銜接與轉換問題, 9
電子帳單, 9
抄表, 9
免費無線上網, 9
網路服務, 9
不動產現況, 9
未辦繼承登記, 9
轉帳納稅, 9
水源保育與回饋費問答集, 9
銀行及信用卡定期代繳作業查詢, 9
衛生下水道工程處, 9
地政事務所服務資訊, 9
不動產交易契約, 9
特殊照護, 9
QA營造業, 9
行政救濟, 9
稽徵, 9
問與答, 9
臺北, 8
貸款, 8
空氣品質, 8
民政, 8
地址, 8
位置, 8
地下街, 8
無菸環境, 8
非公用財產管理, 8
藥物, 8
疫苗, 8
愛滋病, 8
血中鉛, 8
出版服務類, 8
優待, 8
證明書, 8
都市計畫, 8
休息日, 8
119, 8
營業場所, 8
協助查詢, 8
戶籍謄本, 8
變更登記, 8
結婚登記, 8
大陸, 8
臺北e大, 8
自辦重劃, 8
場地外借, 8
勞工退休準備金, 8
無障礙服務問題, 8
僑民, 8
數位學生證, 8
國中入學, 8
營業衛生管理自治條例, 8
電器承裝業, 8
勞工權益基金訴訟補助, 8
手語翻譯, 8
現值, 8
買賣案件, 8
留學免息, 8
辦證, 8
攤販集中場, 8
攤販臨時集中場, 8
計費, 8
水表, 8
防治(水污染, 8
環境消毒), 8
神明會, 8
他項權利登記, 8
監察人, 8
名稱, 8
寵物登記, 8
違規停車舉發, 8
申報契稅, 8
飲用水, 7
營業時間, 7
南港, 7
綜合服務臺, 7
場館, 7
申辦, 7
加班費, 7
信用卡, 7
心理諮商, 7
役期, 7
資格, 7
紅線, 7
陳情, 7
國籍, 7
機車, 7
內湖垃圾焚化廠, 7
生育獎勵, 7
停車位, 7
認養, 7
科技園區, 7
免費, 7
離婚登記, 7
出生登記, 7
移送執行, 7
設籍, 7
外籍人士, 7
廣告, 7
退休金, 7
軍人, 7
退稅手續及期限, 7
退稅支票, 7
課程, 7
適用行業, 7
安心就學, 7
場地管理, 7
失智症, 7
採購申訴, 7
身心障礙者職涯輔導服務, 7
軍人公墓, 7
社會役, 7
辦理, 7
喪假, 7
二代戒菸, 7
戒菸治療, 7
戒菸服務, 7
資訊, 7
勞基法適用, 7
未按月提撥, 7
工會服務, 7
私立高中, 7
館際合作, 7
借閱與歸還, 7
悠遊卡借閱證, 7
開放時間, 7
登記名義人, 7
不全, 7
日據時期, 7
私有三七五出租耕地管理, 7
限制登記, 7
批發市場, 7
腳踏車, 7
食品, 7
退休撫卹, 7
碧山, 7
土建處, 7
街頭藝人, 7
臺北偶戲館, 7
便民, 7
航空噪音(松山機場), 7
土地所有權, 7
精神衛生管理, 7
公司, 7
董事, 7
滯納金, 7
服務資訊, 7
重購退稅, 7
代徵手續, 7
辦理期限及地點, 7
美術作品之徵集蒐藏, 7
文化藝術發展, 7
兒童醫療補助資格, 7
西門紅樓, 6
運動場館, 6
停車問題, 6
寵物, 6
開閉幕, 6
網站服務, 6
事務管理, 6
無線網路, 6
報名, 6
注意事項, 6
徵兵檢查, 6
隨團志工, 6
資遣費, 6
特別休假, 6
教師申訴, 6
臺北市教育財團法人, 6
市區道路使用費, 6
健檢, 6
慢性病處方, 6
地點, 6
保存, 6
時間, 6
退款, 6
超商, 6
廢棄車輛, 6
本市設有藝術才能班學校及類別, 6
處罰, 6
LINE訂閱, 6
焚化爐, 6
資遣通報, 6
寺廟, 6
固定污染源, 6
問題防治, 6
罰款, 6
檢舉獎金, 6
區里圖說, 6
住宅價格指數, 6
更正登記, 6
法院, 6
戶口名簿, 6
節能, 6
檢測, 6
藝文大樓, 6
死亡登記, 6
改分發學校, 6
優先分發, 6
國小新生, 6
權狀, 6
學區, 6
生育補助, 6
婚後孕前健康檢查, 6
孕婦唐氏症篩檢, 6
職業訓練生活津貼, 6
登革熱, 6
便民服務, 6
國外, 6
區政, 6
平均工資, 6
便利商店繳稅, 6
工作守則, 6
資遣, 6
後備軍人, 6
社會教育, 6
國稅, 6
衛生自主, 6
地政士, 6
國中入學(新生分發), 6
無障礙計程車, 6
價格, 6
農林漁牧行政, 6
委外館所, 6
館所資訊, 6
替代役FAQ, 6
入營, 6
公園管理自治條例, 6
婚假, 6
公共服務, 6
戒菸門診, 6
自力更生；創業補助, 6
天然災害, 6
健檢問題, 6
專戶開戶相關問題, 6
e-mail, 6
安全帶, 6
地政e化, 6
醫療機構異動, 6
大眾捷運系統, 6
罰單, 6
權利書狀, 6
禁限建, 6
用水, 6
買房子, 6
所有權, 6
簽約, 6
裝表, 6
供水, 6
推動古蹟及閒置空間活化與再利用, 6
機車排氣, 6
營建工程空污費, 6
外籍勞工服務, 6
合併, 6
繼承登記, 6
負責人, 6
局限空間, 6
衛生管理, 6
傳染病, 6
停車繳費, 6
補繳單, 6
課稅範圍, 6
計算方式, 6
信用卡繳稅, 6
動物檢驗, 6
動物防疫, 6
文化藝術行政, 6
演藝團體管理, 6
演藝團體設立登記, 6
兒童就醫掛號費, 6
補助資格, 6
醫療廣告, 6
醫事人員執業, 6
醫事人員支援報備, 6
列冊管理, 6
鑑界, 6
電梯, 5
原住民, 5
機廠, 5
活動課程, 5
會計, 5
車輛檢驗, 5
庇護工場, 5
火災, 5
購票, 5
門票, 5
博物館, 5
購買, 5
輪椅, 5
申訴管道, 5
總務類, 5
復康巴士, 5
證明, 5
減害, 5
護理之家, 5
怠速熄火, 5
家庭因素, 5
黃線, 5
檢查, 5
訴願, 5
閘門, 5
例假, 5
休假, 5
專線, 5
停車格, 5
預防犯罪資訊, 5
鑑定, 5
宗教, 5
事業廢棄物, 5
申請補助, 5
環保局, 5
人口, 5
救護車使用費, 5
參觀, 5
印鑑登記, 5
調解委員會, 5
請調, 5
民政課, 5
自治條例, 5
餐飲業, 5
限制, 5
產業發展, 5
愛台北, 5
親子劇場, 5
退休, 5
出版品, 5
外籍勞工, 5
外籍配偶, 5
質借, 5
文件, 5
捷運局, 5
托兒, 5
補發, 5
逾期, 5
車行, 5
手語視訊, 5
外國人, 5
補習班退費, 5
消費爭議, 5
無線網路應用, 5
晶片學生悠遊卡, 5
鑑定安置, 5
健康檢查, 5
OK認證, 5
新生分發, 5
政風, 5
搬家, 5
座椅, 5
醫療役, 5
環保役, 5
退伍, 5
退伍後FAQ, 5
退伍後, 5
家屬, 5
現役, 5
防災公園, 5
H7N9, 5
查閱, 5
防災, 5
心肺復甦術, 5
CPR, 5
提早就業獎助津貼, 5
勞工退休準備金設立之依據, 5
紙, 5
公告土地現值, 5
月票, 5
教學, 5
無牌車；未懸掛號牌車輛, 5
地下水, 5
水權, 5
居家喘息, 5
藥政, 5
任免遷調, 5
貴子坑露營場, 5
違章建築, 5
沒水, 5
自來水, 5
研習資訊, 5
美術作品之展覽, 5
藝響空間, 5
活動辦理, 5
文創產業, 5
社區藝文發展, 5
受保護樹木, 5
垃圾清運, 5
中毒, 5
股東, 5
電子報, 5
建物, 5
所有權第一次登記, 5
健康服務中心, 5
研考會, 5
印鑑, 5
分割, 5
有關文化藝術之促進等事項, 5
高灘地, 5
公告, 5
中低收入戶, 4
條件, 4
申請鑑定, 4
危機(高風險), 4
立案, 4
臺北捷運, 4
空調, 4
iTaiwan, 4
賽程, 4
北藝, 4
招標, 4
全球暖化, 4
新細明體, 4
租金, 4
定期檢驗, 4
食品中毒, 4
地震, 4
消防栓, 4
退票, 4
贊助商, 4
轉播, 4
調查, 4
轉乘, 4
智慧手錶, 4
諮詢, 4
變形工時, 4
身心障礙學生入學國民小學鑑定及安置, 4
既成道路, 4
毒癮, 4
抽血, 4
住院, 4
自殺, 4
手冊, 4
溫度, 4
癌症篩檢, 4
年齡, 4
塑化劑, 4
司機, 4
公有土地, 4
工作規則, 4
職工福利金, 4
期限, 4
加班, 4
紅單, 4
變更, 4
2萬元, 4
柴油車管制及烏賊車檢舉, 4
收費標準, 4
山豬窟, 4
廁所, 4
申請流程, 4
保證金, 4
面積, 4
體位, 4
補充兵, 4
不動產, 4
印章, 4
規定, 4
葫蘆洲運動公園, 4
戴奧辛排放, 4
監督, 4
稽查, 4
往生, 4
原住民身分變更登記, 4
文山劇場, 4
冒用, 4
外縣市, 4
暫緩入學, 4
國小新生入學, 4
坐月子中心, 4
索取, 4
公園處, 4
道路挖掘, 4
公車專用道, 4
標售, 4
違規商業, 4
學歷, 4
出國, 4
復育園區, 4
主計處, 4
斜坡道, 4
戒菸班, 4
產假, 4
設立, 4
自學鑑定, 4
應附之證明文件, 4
成人教育, 4
環境教育, 4
作業及環境應有措施, 4
高度近視防治, 4
核發租稅減免證明, 4
綠色產業, 4
貪瀆檢舉, 4
關說, 4
饋贈, 4
貪瀆, 4
窩溝封填, 4
保健, 4
水價, 4
申請發給價金, 4
職訓生活津貼, 4
共乘計程車, 4
光纖網路, 4
騎樓整平, 4
業者, 4
加油站, 4
農業與資材管理, 4
參觀資訊, 4
教育服務役, 4
官兵, 4
兵員徵集, 4
兵員徵集FAQ, 4
樹木, 4
職業災害慰問, 4
罰金, 4
進用身心障礙者, 4
汽車運輸, 4
汽車客運, 4
工時, 4
利息, 4
其他疑義, 4
退還, 4
經費, 4
執照, 4
水域遊憩, 4
過戶, 4
免學費方案, 4
就學補助, 4
申請標準, 4
發放方式, 4
補助金, 4
休學, 4
健身房, 4
季票, 4
待遇福利, 4
小型車, 4
未足齡兒童, 4
借閱證遺失, 4
館藏查詢, 4
颱洪, 4
技術人員, 4
教育活動問題, 4
成本, 4
接水, 4
拆表, 4
指針, 4
錯誤, 4
過高, 4
給水, 4
臺北當代藝術館, 4
美術館經營管理, 4
展覽策劃, 4
場地資訊, 4
文化設施, 4
館所業務, 4
水污染防治, 4
公害糾紛, 4
營業稅, 4
求職服務, 4
宗教團體, 4
仰德大道, 4
八大行業, 4
一氧化碳, 4
路邊停車, 4
研究院, 4
股份有限公司, 4
不動產產權, 4
預防, 4
缺氧, 4
服務時間, 4
一般行業勞工安全衛生管理實務, 4
勞工保險局, 4
營業衛生, 4
醫療機構, 4
醫療品質, 4
長期照顧, 4
所得稅, 4
贈與稅, 4
復查, 4
動物傳染病, 4
文化創意產業, 4
社區心理衛生服務, 4
勞工體檢核備, 4
未辦繼承, 4
地政便民工作站, 4
洽公, 3
檢舉申訴, 3
纜車, 3
教育局, 3
災害救助, 3
場地, 3
路燈維護, 3
兒少服務, 3
少年, 3
環保義工, 3
違禁物品清單, 3
競賽, 3
場館交通, 3
大眾運輸, 3
低碳節能, 3
警察局, 3
里長, 3
照顧, 3
新移民, 3
應變, 3
紀念品, 3
媒體, 3
接駁, 3
中華隊, 3
成績, 3
道路障礙, 3
兵籍, 3
徵兵, 3
處理, 3
在學, 3
資料, 3
主訊息中心, 3
排班, 3
語言, 3
基本篇, 3
裁決所洽公, 3
國中轉學, 3
幼托整合, 3
醫療院所, 3
醫療費用, 3
健保, 3
性病, 3
匿名篩檢, 3
報告, 3
愛滋, 3
預約掛號, 3
吸毒, 3
精神科, 3
病歷, 3
幼兒, 3
外勞, 3
替代役徵集FAQ, 3
年資, 3
陪伴, 3
國定假日, 3
交通違規罰單, 3
轉帳, 3
市民服務類, 3
性別工作平等權益, 3
司機員, 3
交通違規, 3
違停, 3
紅黃線, 3
刑事, 3
戶政事務所, 3
審查, 3
焚化廠, 3
掩埋場, 3
掩埋場當地里, 3
掩埋場相鄰里, 3
山水綠, 3
繳納, 3
噪音管制, 3
捷運站, 3
清潔隊, 3
輔導, 3
公共設施, 3
第3胎, 3
行道樹, 3
捐贈, 3
民事, 3
強制執行, 3
鄉鎮市, 3
信義, 3
學齡兒童, 3
能源, 3
民眾, 3
肇事, 3
健康便利站, 3
會員, 3
結婚, 3
預約結婚, 3
監護登記, 3
收養, 3
出生, 3
離婚協議書, 3
中正戶政所, 3
消費, 3
執業登記證, 3
測驗, 3
稅賦減免, 3
僑生, 3
入學年齡, 3
通知單, 3
結清年資, 3
水塔, 3
第三胎, 3
中央氣象局, 3
交通資訊, 3
抵費地, 3
考試, 3
休閒農場, 3
差假進修, 3
公假, 3
黃金, 3
道路交通管理處罰條例, 3
分期, 3
返國, 3
19歲, 3
免役, 3
請假, 3
簽章, 3
債務, 3
公債, 3
借用, 3
蚊蟲, 3
身分登記, 3
資訊休閒業, 3
網咖, 3
管理機制, 3
校園場地開放中有關各校開放時段, 3
夜間照明, 3
打球噪音及廁所開放等問題, 3
不當管教, 3
法人, 3
學生證, 3
廣播, 3
公證, 3
公車站, 3
騎樓, 3
社區大學, 3
身障, 3
急救人員, 3
補助對象疑義, 3
淹水, 3
列車, 3
訓用留實施計畫, 3
兒童安全座椅, 3
外籍學生, 3
來臺就學, 3
國中學區, 3
台北花市, 3
學雜費減免, 3
高中職, 3
篩檢, 3
白石湖, 3
開放, 3
置箱, 3
雨水抽水站, 3
計畫道路, 3
管線, 3
草花種植, 3
北工處, 3
加油站管理業務, 3
外籍勞工申訴, 3
國樂團, 3
古蹟, 3
公墓, 3
網站, 3
訓練, 3
停役, 3
因病, 3
救濟, 3
路燈裝設, 3
在地型就業服務, 3
跨單位, 3
勞動契約, 3
南深橋, 3
土地捐贈, 3
大量解僱, 3
技術生, 3
設置, 3
遷移, 3
交通工具, 3
藝人, 3
選手, 3
離職, 3
預告, 3
年終獎金, 3
調動, 3
預告期間, 3
無薪假, 3
解散, 3
退還賸餘款, 3
新制提撥比率之調整, 3
紙錢, 3
集中焚燒, 3
物價指數, 3
總預算, 3
執行, 3
裁罰, 3
預售屋案件, 3
租賃案件, 3
口罩, 3
電磁波, 3
訓輔, 3
電腦使用, 3
文化快遞, 3
爆竹, 3
煙火, 3
報案, 3
取用費, 3
施工架, 3
醫療器材, 3
證明文件, 3
捷運工程, 3
上空, 3
資本額, 3
資金, 3
排水, 3
全功能櫃檯, 3
加入動物園問題, 3
衛生, 3
體委會, 3
客家文化活動, 3
申報地價, 3
松山, 3
委外, 3
衛生局, 3
輔導管理, 3
舞廳, 3
輻射及電磁波管制, 3
提升勞工基礎數位能力研習計畫, 3
禁建, 3
RSS, 3
派出所, 3
搬遷, 3
連絡電話, 3
污染檢測, 3
廢棄物清理法, 3
營業, 3
求職交通補助金, 3
網路電話, 3
權利主體不明, 3
權利範圍不等於一, 3
非法定物權, 3
探索, 3
契約書, 3
限建, 3
心理衛生諮詢專線, 3
國際事務類, 3
容留青少年, 3
電子遊戲場業, 3
三溫暖, 3
優良駕駛, 3
地籍圖, 3
有限公司, 3
工業, 3
工廠, 3
退錢, 3
辦理退費, 3
文化局, 3
積水, 3
繳稅, 3
謄本, 3
小客車, 3
污染, 3
停車費, 3
文字, 3
名稱預查, 3
附屬單位預算, 3
預算, 3
職業疾病, 3
健康促進, 3
預防注射, 3
行政相驗, 3
停車位規劃, 3
臺北國際藝術村, 3
國際文化交流, 3
罰則及其他, 3
應附證件, 3
計徵方式, 3
動物屍體焚化, 3
作品收藏, 3
文化藝術基金會管理, 3
文化藝術, 3
基金會設立, 3
下水道, 3
心理諮詢, 3
照顧服務員訓練, 3
醫事人員義診, 3
營養師, 3
藥事人員, 3
執業登錄, 3
塗銷, 3
贈與, 3
複丈, 3
地籍調查, 3
勞健保, 2
水庫, 2
飲水機, 2
地下停車場, 2
北投線, 2
空中纜車, 2
北投纜車, 2
常見問題, 2
臺北市教育局, 2
一般常見問題, 2
人民團體, 2
居住, 2
無線電, 2
木柵線, 2
外交部, 2
WiFi, 2
服裝, 2
遺失物, 2
失物招領, 2
觀眾餐飲, 2
哺乳室, 2
觀賽, 2
停工, 2
醫療, 2
區民活動中心, 2
區公所民政課, 2
使用費用, 2
交通方式, 2
人民陳情, 2
單親, 2
低污染排放示範區, 2
世大運官網, 2
緊急醫療, 2
代表團, 2
人數, 2
滅火器, 2
逃生, 2
垃圾, 2
清潔, 2
回歸國宅, 2
拆除, 2
商品, 2
安檢, 2
旅遊, 2
簽證, 2
招募, 2
獎牌, 2
獎牌榜, 2
競賽成績, 2
結果, 2
世大運場館, 2
升學, 2
緩徵, 2
兵籍調查, 2
抽籤, 2
2017臺北世大運, 2
販售, 2
遲到扣薪, 2
動物, 2
長寬高, 2
掛失, 2
櫃子, 2
轉學生, 2
學校, 2
保險費, 2
民眾投訴或提供之建議, 2
教育基金會, 2
道路集會, 2
性侵害, 2
身心障礙鑑定, 2
中藥, 2
替代療法, 2
治療, 2
回收, 2
針扎, 2
服務卡, 2
梅毒, 2
勒戒, 2
藥癮, 2
居家治療, 2
重大傷病卡, 2
影本, 2
藥局, 2
加熱, 2
小兒, 2
聯絡電話, 2
勞資會議, 2
發展量表, 2
替代役徵集, 2
對象, 2
五合一, 2
器官捐贈, 2
結核病, 2
診斷書, 2
精神病, 2
問題, 2
領車, 2
監控, 2
攝影機, 2
捷運車站, 2
財政局, 2
退休準備金, 2
營業章程, 2
休息日出勤, 2
延長工時, 2
彈性工時, 2
二週, 2
四週, 2
八週彈性, 2
按時計酬, 2
按日計酬, 2
部分工時, 2
休息日未出勤, 2
休息日沒工作, 2
工資明細, 2
薪資明細, 2
薪資單, 2
防火巷, 2
違規停車, 2
身體不適, 2
闖紅燈, 2
安全帽, 2
警察, 2
集會遊行, 2
改裝, 2
郵局, 2
交通事件裁決所, 2
撤銷, 2
舊書, 2
酒測, 2
幼兒園, 2
招考, 2
甄試, 2
簡章, 2
餐廳油煙, 2
警示音, 2
警音, 2
請附流程, 2
廢食用油, 2
代清業者, 2
有害廢棄物, 2
回饋經費, 2
水費補助, 2
低頻噪音, 2
南港區, 2
檢舉製造髒亂, 2
轉接, 2
小型復康巴士, 2
女廁, 2
焚化, 2
市容查報, 2
區, 2
里鄰分佈圖, 2
行政區域圖, 2
保全, 2
違反, 2
罰, 2
攝影, 2
宣導, 2
環狀線, 2
訴訟, 2
租賃契約, 2
漏水, 2
法律諮詢, 2
祭祀公業, 2
公教人員, 2
青創貸款, 2
回饋金, 2
能源管理, 2
節約能源, 2
能源管理法, 2
中小企業, 2
融資貸款, 2
藥物管理, 2
區民, 2
開放時段, 2
監督機制, 2
環保團體, 2
進駐, 2
公安, 2
追思, 2
血壓, 2
糖尿病共同照護網, 2
門牌證明, 2
門牌整編, 2
監護, 2
法定代理人, 2
松山戶政所, 2
展覽, 2
證人, 2
門牌整改編, 2
騎車, 2
公立幼兒園, 2
入學資格, 2
電連, 2
電連存帳, 2
分發, 2
所有權狀, 2
房屋權狀, 2
額滿, 2
來臺就讀, 2
入學通知, 2
入學通知單, 2
非學校型態實驗教育, 2
在家自學, 2
優先分發入學, 2
房屋所有權狀, 2
國宅租賃, 2
居住事實, 2
複審, 2
新生, 2
家庭看護工, 2
外籍看護工, 2
, 2
海報, 2
簡介, 2
下載, 2
大安森林公園, 2
228, 2
扣稅, 2
舊制, 2
新制, 2
登記分發, 2
室內裝修, 2
勞工安全衛生, 2
教育補助金, 2
起重機, 2
未懸掛號牌, 2
例假日, 2
訓練津貼, 2
申領抵價地, 2
拆遷, 2
隔音牆, 2
開關門, 2
停靠, 2
標線, 2
資訊可變標誌, 2
CMS, 2
車禍, 2
標誌, 2
交通號誌, 2
交通流量, 2
施工, 2
保險套販售, 2
流感疫苗, 2
課稅, 2
兒童發展篩檢, 2
汽機車, 2
進度, 2
生態防蚊診所, 2
設立人變更, 2
探親, 2
延期, 2
台商, 2
役齡, 2
大陸地區, 2
規劃, 2
接種幼兒常規疫苗, 2
兒童健康手冊, 2
健保卡, 2
投標, 2
補償, 2
歸國僑民, 2
勸導, 2
設施, 2
參訪, 2
行政院, 2
機關, 2
新台幣, 2
富邦銀行, 2
零用金, 2
申請文件, 2
損壞, 2
展期, 2
扣款異常, 2
孳生源, 2
深夜停車, 2
身分證統號重複, 2
營業場所設置地點, 2
延期繳納, 2
辦理條件, 2
教師研習, 2
游泳, 2
販賣, 2
語音, 2
公共電話, 2
國防部, 2
補發證書, 2
交通車, 2
定義, 2
學力鑑定, 2
證書補發, 2
國小學歷, 2
留職停薪, 2
生理假, 2
育嬰留職停薪, 2
營運時間, 2
校園學生證, 2
效期, 2
押金制學生悠遊卡, 2
售價, 2
廢氣, 2
廢水, 2
常備兵, 2
台北卡優惠, 2
臺北市接種疫苗免收費, 2
用戶名稱, 2
幼稚園, 2
特教, 2
安置, 2
教育訓練, 2
危險場所停工, 2
醫護, 2
外僑學校, 2
ibon, 2
營業登記, 2
代轉, 2
教育, 2
政府出版品, 2
外勞健檢, 2
定期健康檢查, 2
假日工資, 2
失業給付, 2
光纖到府, 2
財產申報, 2
專車, 2
反映, 2
減免, 2
減免學雜費, 2
學齡前, 2
視力檢查, 2
整篩, 2
兒童視力保健, 2
專用垃圾袋抵價券, 2
APP, 2
醫院, 2
替代役申請FAQ, 2
替代役申請, 2
樹葉, 2
雙向, 2
遲到, 2
全勤, 2
出差, 2
轉讓, 2
履約保證金, 2
溫泉開發及經營許可申請, 2
路平專案, 2
失業補助, 2
瓦斯公司, 2
經濟部, 2
公告禁菸場所, 2
土石採取, 2
工廠管理, 2
南港軟體工業園區, 2
農業使用證明, 2
終止聘僱關係, 2
離境驗證, 2
緩召, 2
雙重國籍, 2
臺灣新文化運動紀念館籌備處, 2
二二八紀念館, 2
祭拜, 2
服勤, 2
管理, 2
國家, 2
待遇, 2
職訓, 2
就業, 2
慰問, 2
傷病, 2
意外, 2
勤務, 2
國軍, 2
視障按摩, 2
跨縣市, 2
公司登記資料, 2
申請登記, 2
教召, 2
選舉, 2
時薪制, 2
公傷病假, 2
微笑單車, 2
工程管理, 2
工管處, 2
登記資料, 2
罰錢, 2
違法, 2
爭議行為, 2
調整事項, 2
經理, 2
頂好就業服務站, 2
桶裝瓦斯, 2
候車亭, 2
自動體外電擊器, 2
AED, 2
折扣, 2
公車路線, 2
交通局, 2
交通警察大隊, 2
市政府, 2
運輸業, 2
監視器, 2
行程, 2
建議, 2
藍色公路, 2
運輸合作社, 2
準備, 2
招呼站, 2
公車站牌, 2
分段, 2
依據, 2
動態, 2
到站, 2
其他外籍勞工管理事項, 2
接續聘僱, 2
入國通報及聘雇許可, 2
就業安定費, 2
聘雇許可, 2
違約賠償金, 2
離職證明, 2
績效獎金, 2
解僱, 2
扣薪, 2
工讀生, 2
颱風假, 2
保全業, 2
核銷, 2
暫停提撥, 2
催繳公文, 2
計算提撥金額, 2
公司提領退休準備金相關問題, 2
勞工退休準備金監督委員會設立相關問題, 2
補貼, 2
公車動態, 2
禁止, 2
水處, 2
消費者物價指數, 2
營造工程物價指數, 2
家庭收支, 2
手機建檔, 2
醫療爭議, 2
市民免費數位訓練, 2
貓空, 2
貓, 2
營運, 2
歲入, 2
歲出, 2
資訊查詢, 2
油漆, 2
識別證, 2
屋頂, 2
踏板, 2
工地安全, 2
借款, 2
補助費, 2
健康臺北季刊, 2
電扶梯, 2
教師退休, 2
國高中收費問題, 2
網路訊號, 2
民眾免費無線上網, 2
特殊生, 2
青年留貸, 2
其它, 2
教師他縣市介聘, 2
學雜費補助條件, 2
私立高職, 2
認證, 2
手續費, 2
公務員, 2
統一發票, 2
後座安全帶, 2
餐飲購物問題, 2
入學, 2
學歷認證, 2
期刊, 2
體罰, 2
語言暴力, 2
國高中, 2
大陸學歷驗證, 2
發票, 2
假日, 2
河川區撤離車輛, 2
颱風警報, 2
福德坑, 2
地政查詢, 2
緊急避難包, 2
線上指導, 2
山難, 2
受傷, 2
銷單, 2
會計師查核報告書, 2
公共工程, 2
財政部臺北國稅局, 2
不公平, 2
不合理, 2
太貴, 2
接管, 2
溫泉區, 2
其他常見問題, 2
電場, 2
審閱, 2
健身, 2
通報, 2
貴子坑, 2
露營場, 2
公辦民營, 2
公益時段, 2
標準, 2
里民, 2
過期, 2
回數票, 2
付費, 2
深水, 2
證照, 2
50公尺, 2
50米, 2
拖鞋, 2
救生員, 2
條碼, 2
自然生態保育與綠美化, 2
戒菸宣導, 2
禁建限建, 2
建照, 2
過多, 2
停水, 2
復水, 2
文化資產保存及維護, 2
櫃檯, 2
現金, 2
臺北縣, 2
垃圾掩埋, 2
押標金, 2
噪音防制, 2
音源, 2
飲用水防治, 2
公害防治, 2
環境衛生, 2
清潔箱, 2
塗鴉, 2
租借, 2
速件櫃檯, 2
隨到隨辦, 2
健身中心, 2
違章建築處理辦法, 2
就業甄選, 2
溫泉開發, 2
34年10月24日以前登記之限制登記, 2
每胎2萬元, 2
稅捐稽徵處, 2
設定地上權, 2
公告現值, 2
使用執照, 2
都市發展, 2
線上申辦, 2
親山步道, 2
占用道路, 2
車庫, 2
估價師, 2
申請進場焚燒, 2
申請程序, 2
單價, 2
未成年, 2
電子遊戲, 2
未滿18歲, 2
限制級, 2
電玩, 2
違規營業, 2
舞場, 2
酒家, 2
酒吧, 2
特種咖啡茶室, 2
視聽歌唱, 2
理容, 2
拋棄繼承, 2
利害關係人, 2
演藝, 2
商業, 2
臨時, 2
無水, 2
缺水, 2
電線, 2
燒傷, 2
呼吸道, 2
咬傷, 2
豪雨, 2
橋樑, 2
股東會, 2
打電話, 2
市區易積水地點, 2
代理人, 2
便利商店, 2
卸貨, 2
車籍, 2
陽台, 2
國稅局, 2
衛生紙, 2
分公司, 2
經理人, 2
營業地址, 2
菸品健康福利捐辨識標記, 2
中正二分局, 2
常見問答集, 2
化粧品, 2
監視系統, 2
消費爭議處理, 2
土地使用分區, 2
履約保證, 2
斡旋金, 2
定金, 2
契約審閱, 2
代碼, 2
董事會, 2
安全衛生, 2
獨資, 2
合夥, 2
合夥人, 2
行號, 2
所在地, 2
資本, 2
工作室, 2
保單, 2
保護法, 2
不服, 2
勞動檢查法, 2
醫事人員, 2
GPN, 2
任期, 2
改選董事, 2
法定空地, 2
工商憑證, 2
停業, 2
暫停營業, 2
印鑑證明, 2
接種疫苗, 2
長期照護, 2
違規檢舉, 2
狗運動公園, 2
總決算, 2
預算案, 2
網站查詢, 2
運輸資訊, 2
哺乳, 2
大佳河濱公園, 2
超大豪雨, 2
停車場經營, 2
廢棄物進廠檢查, 2
公司所在地, 2
辦理時間, 2
郵寄資料, 2
全功能服務, 2
契價認定, 2
支票繳稅, 2
稅額, 2
納稅義務人及代徵人, 2
如何銷花, 2
動物保護課, 2
禽流感, 2
動物救援, 2
犬貓絕育, 2
寵物業許可證, 2
晶片植入, 2
展覽資訊, 2
申請展覽, 2
採購領投標, 2
新光三越, 2
西門町, 2
文化資產活化經營, 2
公共藝術, 2
文化資源之保存, 2
租借站, 2
越堤道路, 2
堤防, 2
堤坡認養, 2
淤積, 2
阻塞, 2
人孔, 2
孔廟, 2
衛生管理人員；營業衛生；旅館業；浴室業；娛樂業；理髮美髮美容業；游泳業；電影片映演業, 2
AIDS, 2
急救技能訓練, 2
救護車設置, 2
精衛管理, 2
早期療育, 2
全責照顧, 2
臺北市長期照顧管理中心, 2
到府坐月子服務機構, 2
產後護理機構, 2
護理人員執業註銷, 2
餐飲, 2
住宿, 2
登記費, 2
公益, 2
電子謄本, 2
網路申請, 2
損害賠償, 2
查封, 2
通信申請, 2
補狀, 2
抵押, 2
建物第一次測量, 2
異議, 2
數值化, 2
資料供應, 2
考績獎懲, 2
賣淫, 2
著作權法, 2
開幕, 1
閉幕, 1
世界大學運動會, 1
台北田徑場, 1
小巨蛋, 1
水庫水質, 1
水庫淤積, 1
影片播放器, 1
大門, 1
LCD螢幕申請, 1
台北富邦銀行, 1
東南景觀區, 1
人工沙灘, 1
市府生活廣場, 1
臨時攤位, 1
刑事紀錄證明(良民證), 1
設備報修, 1
市政大樓停車場, 1
車輛停放, 1
市政大樓停車場位置, 1
市政大樓門禁管制時間, 1
市政大樓音樂節目時程表, 1
市政大樓機電維護, 1
停電時程表, 1
市政大樓空調使用申請, 1
市政大樓申請播音, 1
市政大樓電子看板, 1
師生畫廊, 1
沈葆楨廳, 1
市政大樓週邊場地, 1
市民廣場, 1
市政大樓機關位置圖, 1
市府1, 1
樓, 1
大圖影印, 1
公益彩券, 1
納稅者權利保護法, 1
政策, 1
統計指標, 1
高中, 1
高職, 1
學制, 1
進修學校, 1
國中小校數, 1
八角樓, 1
可以在網路上販賣酒品嗎？有沒有相關罰則？, 1
茶花, 1
杜鵑, 1
櫻花, 1
開放時間與票價, 1
自動收費, 1
磁卡, 1
直流, 1
怠速, 1
閉路電視, 1
交通部, 1
坪林, 1
消防車, 1
全高, 1
臺灣電力公司, 1
交通事業, 1
溫羅汀, 1
新芳春, 1
義交, 1
喪家, 1
設置靈堂, 1
導覽解說, 1
借錢, 1
護照遺失, 1
駐臺辦事處, 1
聖火, 1
紀念商品, 1
火炬, 1
運動禁藥WADA, 1
緊急求救, 1
寄物服務, 1
錄影, 1
錄音, 1
合照, 1
合影, 1
更衣間, 1
雨天, 1
雨具, 1
雨衣, 1
生飲台, 1
平面圖, 1
緊急事件, 1
官方網站, 1
競賽場館, 1
身障者, 1
充電, 1
聯票, 1
復工, 1
中和區, 1
連城路, 1
土城區, 1
金城路, 1
公民, 1
場地申請, 1
市民e點通, 1
民生社區中心, 1
民生社區中心電話, 1
里長資料, 1
社區藝術巡禮, 1
失能, 1
活動, 1
婦女服務, 1
婦女, 1
特境, 1
急難救助, 1
藝穗節, 1
wifi申請帳號, 1
選手餐廳, 1
供餐時段, 1
供餐類別, 1
運動禁藥, 1
世界運動禁藥管制組織, 1
WADA, 1
嘔吐, 1
腹瀉, 1
禁止吸菸, 1
防疫網絡, 1
三檢三防, 1
自主健康管理, 1
疑似傳染病症狀, 1
乾洗手液, 1
外科口罩, 1
額耳溫槍, 1
救護站, 1
指定醫院, 1
反恐, 1
避難, 1
著火, 1
安全維護, 1
安檢規範, 1
場館貼心公廁, 1
車證, 1
接駁專車, 1
賽後相關, 1
附屬設施拆除, 1
內政部營建署, 1
人車放行, 1
選手人身安全, 1
維安, 1
安檢措施, 1
認證卡, 1
設施提供, 1
賽後, 1
選手服務, 1
開幕日期, 1
閉幕日期, 1
戶數, 1
房型, 1
林口國宅, 1
地理位置, 1
點點善, 1
吉而好, 1
違禁品清單, 1
劃位, 1
大宗團購, 1
線場購票, 1
單日票, 1
抽獎, 1
附加價值, 1
賽式取消, 1
流程, 1
付款, 1
取票, 1
票價, 1
入場, 1
驗票, 1
贊助商回饋, 1
LOGO露出, 1
聯名商品, 1
頻道, 1
播出, 1
賽會, 1
媒體服務, 1
主新聞中心, 1
媒體區, 1
媒體旅館, 1
MPC, 1
SPC營運時間, 1
媒體接駁車, 1
觀光行程, 1
文化活動, 1
世大運公園, 1
世大運特展, 1
聖火傳遞, 1
人力, 1
宿舍, 1
培訓, 1
社會志工, 1
運動種類, 1
日期, 1
比賽日期, 1
賽制, 1
比賽方式, 1
規則, 1
國旗, 1
觀眾服務, 1
公路賽, 1
進場時間, 1
五縣市, 1
東區, 1
申報, 1
學生, 1
兵役局, 1
身份, 1
及齡, 1
綜合服務台, 1
經濟效益, 1
世大運產值, 1
律師, 1
台北捷運商品館, 1
商品館, 1
遺失物品, 1
打卡措施, 1
時薪人員特別休假, 1
國定假日出勤, 1
工時調整, 1
天災出勤, 1
工時計算, 1
排班變動, 1
調動職務, 1
請假規範, 1
調移國定假日, 1
減薪, 1
空班日, 1
藝術節, 1
動產質借, 1
代步車, 1
電動車, 1
行李, 1
攜帶, 1
尺寸, 1
寄物, 1
繳款, 1
教師申訴管道, 1
申訴不服, 1
臺北市公立學校, 1
高中轉學, 1
颱風期間, 1
開放停車學校, 1
災害防救, 1
民眾陳請或疑問, 1
災害防救（二股）, 1
學生平安保險, 1
學生團保, 1
殘障, 1
家境困難, 1
哺(集)乳室, 1
學生服裝儀容規定, 1
月台間隙, 1
間隙, 1
垃圾車播放音樂時間及音量, 1
慢箋, 1
北區, 1
居家服務, 1
家庭暴力, 1
身心障礙手冊, 1
健保費, 1
乳房痛, 1
慢性病處方籤, 1
預防針, 1
發燒, 1
醫院地址, 1
醫院電話, 1
健保卡X光片, 1
結核, 1
症狀, 1
服藥, 1
中醫, 1
自費, 1
管理師, 1
門診時間, 1
門診表, 1
掛號限制, 1
療養, 1
收容, 1
威脅, 1
攻擊, 1
壓力, 1
妄想, 1
幻聽, 1
醫療補助, 1
病歷摘要, 1
初診, 1
藥物諮詢, 1
藥師查詢藥物, 1
查詢藥物, 1
慢性病處方箋, 1
塑膠奶瓶, 1
奶水儲存, 1
奶瓶清潔, 1
寶寶住院, 1
冰箱, 1
黃疸, 1
擠奶, 1
哭鬧, 1
檢查單, 1
大便, 1
結核菌測驗, 1
A型肝炎, 1
骨質疏鬆, 1
駕照審驗, 1
死亡證明書, 1
大腸癌篩檢, 1
診斷證明, 1
床位, 1
住院看門診, 1
小兒疫苗, 1
診斷書費用, 1
乳癌篩檢, 1
母乳庫, 1
語音電話, 1
抹片檢查, 1
子宮頸抹片, 1
市立聯合醫院, 1
埋線減重, 1
強力膠, 1
戒隱, 1
寶寶, 1
遲緩, 1
替代役役期, 1
臨時停車, 1
廠牌, 1
接種地點, 1
補助金額, 1
實施期間, 1
牙痛, 1
重大傷病證明卡, 1
同意書, 1
副作用, 1
婚後孕檢, 1
反詐騙, 1
165, 1
職能工作, 1
職能訓練, 1
領藥, 1
DNA, 1
親子鑑定, 1
四癌篩檢櫃台, 1
婚後孕前篩檢, 1
婚前健康檢查, 1
婚後孕前, 1
出生證明, 1
子宮頸癌, 1
院訊, 1
福保, 1
獨居老人, 1
症狀科別, 1
抹片, 1
加護病房, 1
探病, 1
昏昏沉沉, 1
鎮靜作用, 1
診斷證明書, 1
增胖, 1
門診, 1
安心專線, 1
足球比賽, 1
撤銷罰單, 1
訴願書, 1
陳情不服, 1
陳情結果, 1
陳情書, 1
電動二輪車, 1
保密, 1
感應器, 1
光纖傳輸, 1
台北捷運, 1
複雜, 1
木柵, 1
無線電通訊, 1
售票機, 1
五分鐘, 1
車票, 1
廣播系統, 1
顯示器, 1
光纖電纜, 1
通訊系統, 1
傳輸系統, 1
統包, 1
電力, 1
變電站, 1
電磁場, 1
磁場, 1
人性化, 1
內部控制, 1
尾牙, 1
敬老, 1
愛心, 1
替代卡, 1
空氣品質指標AQI, 1
高噪車輛照相系統, 1
水牛群像, 1
低收入戶及中低收入戶專用垃圾袋抵價券, 1
網路謠言, 1
開頭燈, 1
勞工教室, 1
吹哨者保護, 1
補假, 1
出勤, 1
延長工作時間, 1
加班總時數, 1
46小時, 1
輪班制, 1
換班, 1
休息時間, 1
未休, 1
例假未出勤, 1
例假沒工作, 1
薪水, 1
新地址, 1
聘僱許可屆滿免出國, 1
意見信箱, 1
砂包, 1
沙包, 1
長照2.0補助, 1
萬華區試辦, 1
北市試辦, 1
長照2.0試辦, 1
IADL失能衰弱者, 1
49歲以下身障失能者, 1
多次檢舉, 1
交通違規簡訊服務, 1
佔用路面, 1
車輛拖吊, 1
自行報廢, 1
廢車, 1
資優教育, 1
資優班招生, 1
美術班, 1
音樂班, 1
招生, 1
國中美術班, 1
高中音樂班, 1
自小客車, 1
專用停車格, 1
紅燈右轉, 1
不依指示, 1
未禮讓, 1
大型重機, 1
慢車道, 1
校園霸凌, 1
警車, 1
警用, 1
集會遊行法, 1
排氣管, 1
貨車裝卸專用, 1
告發單, 1
採證相片, 1
健保遺失, 1
第六類保險對象, 1
18歲, 1
領回代保管物件, 1
焚化處理, 1
臺北市民e點通, 1
區政監督, 1
投訴區公所, 1
服務態度, 1
87年次, 1
殯葬服務, 1
更正, 1
四歲, 1
駕駛, 1
流動廁所, 1
捕犬, 1
化糞池, 1
清運, 1
臺北市宗教查詢系統, 1
教會, 1
宗祠, 1
財團法人, 1
兒童證申請, 1
能源利用中心, 1
改善, 1
扣款, 1
提示音, 1
燈號, 1
有機土, 1
不定期檢測, 1
抽煙污染, 1
懸掛旗幟, 1
清理計畫書, 1
清除處理, 1
清除處理機構名冊, 1
輸出, 1
輸入, 1
事業列管編號, 1
管編申請, 1
清除機構, 1
甲級, 1
事業機構, 1
回饋金額, 1
電費補助, 1
非自來水戶, 1
自來水戶, 1
回饋經費查詢, 1
回饋經費使用, 1
隨袋徵收, 1
刷卡記帳, 1
代處理垃圾, 1
有價物品, 1
銷毁, 1
申請代處理垃圾, 1
針頭, 1
針筒, 1
汽機車噪音, 1
繳納罰款, 1
環境保護局, 1
環保稽查大隊, 1
亂丟垃圾, 1
機車換照, 1
檢驗單, 1
分時, 1
噪音管制法, 1
校園安全, 1
霸凌, 1
春暉專案, 1
戒毒, 1
免付費電話, 1
預約訂車, 1
洗手間, 1
男廁, 1
土壤改良劑, 1
領用, 1
里辦公處事務, 1
里幹事服務態度, 1
投訴服務態度, 1
輿情整合, 1
公園設施申借, 1
懸掛燈飾, 1
青年公園, 1
公園管理, 1
新設路燈, 1
行政區里面積, 1
里, 1
鄰數目, 1
里鄰(數目)統計, 1
查詢管道, 1
行政區面積, 1
區里界說, 1
區里界說圖, 1
電子地圖, 1
地圖, 1
路面破損, 1
派工修復, 1
婚喪喜慶, 1
交通違規罰鍰, 1
哨, 1
傳單, 1
宣傳, 1
照相, 1
加值, 1
異常, 1
吃卡, 1
博愛座, 1
彈性, 1
區公所上下班時間, 1
夜間服務, 1
父母, 1
養父母, 1
姓名更正, 1
出生地, 1
出生別, 1
出生日期, 1
名字, 1
臺中市公車, 1
公車免費, 1
10公里免費, 1
8公里免費, 1
鑑定不服申訴, 1
訂購院生生產產品, 1
吞嚥困難, 1
用餐安全, 1
特殊餐食, 1
院生用餐方式及用餐時間, 1
院生收容教養費收費標準, 1
目前安置照顧情形, 1
醫療保健服務, 1
教養內容, 1
接送時間, 1
教養方式, 1
申請入住時間, 1
入院申請方式, 1
入院申請程序, 1
入院申請, 1
台北市政府社會局, 1
社會福利, 1
休耕, 1
檢察官, 1
不成立, 1
證明聲請書, 1
存證信函, 1
施工估價, 1
互助會, 1
調解會, 1
調解聲請書, 1
檢察署, 1
鄉鎮市公所, 1
建築法規, 1
民政局, 1
64, 1
建築管理處, 1
公寓大廈管理委員會, 1
臺北市都市發展局, 1
興雅, 1
坪數, 1
路霸, 1
身心健康, 1
保證書, 1
松菸, 1
松山文創園區, 1
逆向, 1
查核項目, 1
檢查方式, 1
查核程序, 1
河濱, 1
運動場地, 1
有機液體土壤改良劑, 1
液肥, 1
廚餘滲出水, 1
內科, 1
放射性工業, 1
放射性藥品, 1
大彎南段, 1
環境教育法, 1
環境教育課程, 1
課程預約申請表, 1
取消補貼, 1
生技獎, 1
獎勵項目, 1
不法藥物, 1
違規藥品, 1
西藥, 1
化驗, 1
身分證明, 1
審議, 1
營運管理, 1
環境品質監測, 1
焚化廠監督委員會, 1
空氣污染防制法規, 1
進廠檢查作業, 1
設施項目, 1
設備, 1
民眾參與, 1
承貸, 1
銀行, 1
企業營運總部, 1
內湖科技園區產業進駐, 1
大巨蛋, 1
亡者, 1
服務項目, 1
申請書表, 1
治喪, 1
殯葬管理, 1
殯儀, 1
保護, 1
消費者保護官室, 1
消保, 1
消保法第19條, 1
7日猶豫期, 1
回復原住民身分, 1
喪失原住民身分, 1
取得原住民身, 1
變更性別, 1
牌照吊銷, 1
匯演, 1
藝術研習, 1
排練室, 1
戶籍資料閱覽, 1
稱謂, 1
配偶姓名變更, 1
父母姓名變更, 1
改名, 1
更換戶長, 1
駕照吊扣, 1
文山分館, 1
售票系統, 1
會議室, 1
教室, 1
禁治產人, 1
離婚判決書, 1
結婚書約, 1
國外結婚, 1
書約, 1
中正戶政事務所, 1
中正區戶政所, 1
認領, 1
門牌補換發, 1
門牌編釘, 1
配偶, 1
發生事故, 1
直撥, 1
旅館業, 1
交通旅遊, 1
名冊, 1
違規申訴, 1
車禍理賠, 1
初步分析研判表, 1
車禍責任, 1
發生車禍保障權益, 1
公立幼兒園課後留園補助, 1
幼童車攔檢, 1
裁決書, 1
申請登記方式, 1
115, 1
敬老卡, 1
愛心卡, 1
同站進出, 1
領標, 1
退休人員, 1
支票, 1
款項, 1
帳户, 1
匯入帳户, 1
入戶通知, 1
匯款, 1
批次匯款, 1
高架橋, 1
1999單一櫃檯項目, 1
非額滿學校, 1
派外, 1
國小轉學, 1
未滿6足歲, 1
優先, 1
離婚, 1
入籍時間, 1
設籍日, 1
國小學區, 1
查學校, 1
國小入學, 1
外國籍, 1
公立小學, 1
外國學生, 1
國外回來, 1
未收到通知單, 1
報到日, 1
入學手續, 1
賽格威, 1
流感快篩試劑, 1
刊登, 1
在家自學方案, 1
租屋公證, 1
法院公證, 1
資格審查, 1
就近入學, 1
改分, 1
小學, 1
求才, 1
外傭, 1
外勞申請案件, 1
外勞辦理地點, 1
居家護理, 1
居家復健, 1
居家營養, 1
喘息服務, 1
照顧服務, 1
輔具服務, 1
交通接送服務, 1
送餐服務, 1
臺北車站, 1
產後護理機構/產後護理之家, 1
文宣, 1
摺頁, 1
中, 1
英, 1
日, 1
韓, 1
德, 1
法, 1
西, 1
泰, 1
俄, 1
印尼, 1
越南, 1
馬來文, 1
葡萄牙文, 1
義大利, 1
阿拉伯文, 1
臺北捷運營運資訊簡介, 1
音樂台, 1
公頃, 1
水利處, 1
足額提撥, 1
分期分年, 1
勞動基準法第56條第2項, 1
藍領外勞, 1
白領外勞, 1
分期繳款, 1
重劃主辦機關, 1
按摩據點設施設備補助, 1
緩讀, 1
資料提供, 1
國中畢業生, 1
學歷檢核, 1
高職學歷檢覈, 1
學歷証明, 1
合梯, 1
FAQ, 1
飲水設備, 1
領取方式, 1
銘牌, 1
標示, 1
職安卡, 1
職災地圖, 1
無牌車, 1
執法不當, 1
上班日, 1
勞工電影院, 1
第一類電信, 1
居留期限, 1
限期接管通知書, 1
仰德大道通行證, 1
路跑, 1
試辦計畫, 1
土地補償費, 1
抵價地, 1
8公尺以下, 1
鋪面, 1
汐止, 1
安坑, 1
土地開發, 1
土地分配, 1
案件, 1
路況資訊, 1
車輛偵測器, 1
禁停紅黃線, 1
警用監視器, 1
假日黃線開放停車, 1
家長接送區, 1
禁停標線, 1
號誌秒數, 1
不連鎖, 1
即時路況, 1
巷子紅線, 1
路口紅線開放停車, 1
住家劃設紅線, 1
巷口, 1
黃燈, 1
號誌設置, 1
行人按壓鈕, 1
有聲號誌, 1
速限, 1
發包施工, 1
各項工程之發包, 1
標線黃紅線, 1
私劃, 1
劃設紅線, 1
秒差, 1
連鎖, 1
清潔隊員, 1
隊員, 1
消防通道, 1
稅賦, 1
休閒農場內供農業經營體驗, 1
土地, 1
通報定義, 1
防疫工作, 1
登革熱防治, 1
出國旅行, 1
通報獎金, 1
防止疫情擴散, 1
社區, 1
化學防治, 1
母乳哺育, 1
檢舉違規, 1
獎金, 1
道路交通安全規則, 1
道路交通管理事件, 1
裁罰基準, 1
牌照稅, 1
補正, 1
地方稅, 1
風災, 1
防蚊, 1
基本工資, 1
補習班範疇, 1
停止招生, 1
停止營業, 1
歷屆試題, 1
造臺, 1
教育部, 1
返臺, 1
我國, 1
移民署, 1
度假, 1
兵役法, 1
研究, 1
進修, 1
表演, 1
國內, 1
大學, 1
禁役, 1
外商, 1
就讀, 1
法令, 1
役齡前, 1
國外就學, 1
出國申請, 1
役男出境, 1
逾期未歸, 1
短期出國觀光, 1
Upaper, 1
捷運報, 1
報紙, 1
報架, 1
取閱, 1
未來, 1
路網, 1
通車, 1
黃卡, 1
接種, 1
公費疫苗, 1
免收掛號費及診察費, 1
常規疫苗, 1
約聘僱人員, 1
垃圾山, 1
歸化, 1
役齡男子, 1
外國護照, 1
兵役法令, 1
天橋, 1
懸掛布條, 1
人行地下道, 1
人行天橋, 1
勞工在事業場所外工作時間指導原則, 1
Line, 1
高度, 1
重劃負擔總費用證明書, 1
真實姓名, 1
幹線公車, 1
市民小巴, 1
轉乘優惠, 1
機要類, 1
交通資訊中心;, 1
時效, 1
止付, 1
憑單止付, 1
公務機關年度零用金額度不敷使用, 1
如何辦理提高額度？, 1
保管款, 1
設定地上權與促進民間參與公共建設之BOT案件有何差異？, 1
如何得知促進民間參與公共建設資訊？, 1
申報個人綜合所得稅有疑義?, 1
K區地下街, 1
市有土地參與都市更新, 1
臺北市政府財政局經管之市有非公用土地如何參與都市更新？, 1
電子簽章, 1
簽證人員, 1
信合社, 1
電腦公司, 1
電腦軟體, 1
套裝軟體, 1
行政院主計處, 1
財產管理, 1
退匯, 1
無實體公債, 1
集中支付, 1
募款, 1
捐款, 1
優待卡, 1
使用期限, 1
非政府組織會館, 1
申請案件, 1
生態防蚊, 1
殺蟲劑, 1
申請資料, 1
辦理程序, 1
勞資爭議調解, 1
行政院體育委員會, 1
泳訓班, 1
花博公園, 1
遊客服務, 1
適用對象, 1
職業安全衛生, 1
慢車, 1
併行, 1
簡訊服務, 1
檢舉違法菸酒可以請領獎勵金的範圍為何？, 1
販售逾期菸酒, 1
罰則為何？, 1
菸酒稅的問題可以請教你嗎？, 1
酒標示, 1
菸酒, 1
我要申請核發菸酒製造業或進口業的許可執照, 1
應向那個機關洽辦？, 1
通話限制, 1
預付卡, 1
ＬＯＧＯ, 1
個資, 1
視障, 1
公用電話, 1
權益, 1
軍中, 1
服務標章, 1
班名, 1
同聲異字, 1
補習班名稱, 1
班名變更, 1
立案證書, 1
立人, 1
補習班股東, 1
增科.更班名, 1
設補習班, 1
補習班學生交通車, 1
遷址, 1
補習班廢止, 1
增加, 1
班舍, 1
文教, 1
就業服務法, 1
補習班立案查詢, 1
招牌, 1
籌設, 1
外籍教師, 1
同等學力考試, 1
自學進修, 1
同等學歷, 1
建管, 1
消防, 1
高職學歷, 1
國中學歷, 1
國小群組午餐供應委員會, 1
學分補助, 1
進修補助, 1
教師進修, 1
教師留職停薪, 1
午餐, 1
營養午餐, 1
捐助, 1
產檢假, 1
陪產假, 1
補辦, 1
校園e化, 1
簡訊, 1
教育資訊, 1
延長, 1
延畢, 1
軍警, 1
記名費, 1
在學證明, 1
讀卡機, 1
加減速, 1
安全, 1
自動駕駛, 1
夾, 1
債權, 1
展覽館, 1
夜間, 1
慢, 1
稅捐處, 1
退稅利息之計算, 1
洲美運動公園, 1
游泳證, 1
免費使用對象, 1
空污排放, 1
空污控制, 1
廢水處理, 1
廢水控制, 1
飛灰處理, 1
戴奧辛, 1
廢氣處理設備, 1
監測, 1
廢棄物清運申請, 1
廢棄物委託處理申請, 1
費用計算, 1
收費計算, 1
參觀申請, 1
處理類型, 1
焚化廠工作, 1
寧夏夜市, 1
勞工代表同意書, 1
83年次, 1
徵服, 1
軍事訓練, 1
職場暴力, 1
地熱谷, 1
超商繳費, 1
小企業融資貸款, 1
優退, 1
貓砂, 1
骨頭, 1
伊波拉, 1
自然人憑證水費, 1
65歲以上民眾, 1
山水綠生態公園, 1
主要設施, 1
教育召集, 1
入園資格, 1
公立幼稚園招生, 1
老人教育, 1
高齡教育, 1
成人教育班, 1
春計班, 1
暑期班, 1
秋季班, 1
社大文宣, 1
18歲以上, 1
失學民眾, 1
失學, 1
再教育, 1
學中文, 1
外籍新娘, 1
學習中文, 1
正體字, 1
繁體字, 1
學費補助, 1
排富條款, 1
幼兒補助, 1
5歲免學費補助, 1
特教班, 1
障礙學生, 1
入學鑑定, 1
飲食, 1
消保法, 1
臺北巿政府勞動局, 1
颱風天外勤工作, 1
職業病申訴, 1
職災通報, 1
指定機械, 1
設備或器具源頭管制, 1
體格檢查, 1
新適用行業應有措施, 1
管轄機關, 1
外國學校, 1
外僑居留證, 1
傳真, 1
智慧型, 1
商業登記申請書, 1
合約醫療院所, 1
免費視力檢查, 1
營業分處, 1
單程票, 1
東西忘了拿, 1
暫時出站, 1
路面積淹水, 1
完成證明審查方式, 1
ISBN, 1
分級認證, 1
寄生蟲, 1
肺結核, 1
痢疾阿米巴原蟲, 1
學校網站, 1
非法經紀業者, 1
買賣房屋, 1
交易注意事項, 1
wifi, 1
娃娃車, 1
遊客列車, 1
接駁車, 1
安薪, 1
線上試算, 1
勞動精算師APP, 1
地政士查詢, 1
借用流程, 1
醫療院所名單, 1
縣市, 1
免費借用, 1
特定行業管理, 1
臨時工作津貼, 1
更新, 1
輔導經費, 1
比例, 1
輔導內容, 1
執行單位, 1
目的, 1
酒駕, 1
公園禁菸, 1
新生兒危急型新天心臟病篩檢, 1
申請入學, 1
大陸學歷, 1
外籍配偶上學, 1
新移民上學, 1
國小補校, 1
保留學籍, 1
學區劃分, 1
行政區域調整, 1
房屋租賃證明, 1
蒩屋, 1
居住證明, 1
國中教務, 1
國中新生分發, 1
公家, 1
國中補校, 1
外縣市國小, 1
獎助金, 1
教育代金, 1
特教專車, 1
智能不足, 1
專業人員, 1
國小收費, 1
班級收費, 1
代收代辦, 1
督學視導, 1
督學室, 1
考試過多, 1
臺北市婚後孕前健康檢查特約醫療院所共計60家, 1
詳細名單請至臺北市衛生局網站／「台北卡」二代健康卡專區查詢。, 1
放棄, 1
在家教育, 1
自學方案, 1
特教生, 1
身心障礙子女, 1
文書處理, 1
分文, 1
電子發文, 1
減徵, 1
資訊共通性, 1
權責, 1
斜弱視, 1
口腔檢查, 1
臺北青年職涯發展中心, 1
青年職場, 1
青年, 1
工廠登記法令, 1
防齲計畫, 1
食材登錄平台, 1
臨停, 1
紅燈, 1
超車, 1
讓車, 1
過期食品, 1
鹽, 1
調味料, 1
生肉, 1
生內臟, 1
生菜葉, 1
不銹鋼管, 1
漏水率, 1
花季, 1
260, 1
無障礙, 1
班距, 1
突遭變故, 1
各級學校, 1
學校編制外之工作者, 1
未分類社會服務業中之大廈管理委員會, 1
農民團體, 1
84條之1, 1
工廠公示資料及案件辦理進度, 1
出勤紀錄, 1
工廠登記條件, 1
工廠定義, 1
工廠設廠標準, 1
失智症關懷專線, 1
開車, 1
殘障手冊, 1
指紋, 1
幫助, 1
長期照顧服務, 1
移置車輛, 1
電子戶籍謄本, 1
河濱公園自行車道, 1
看護, 1
安養護, 1
體重管理, 1
減重, 1
客服專線, 1
徵才, 1
租屋服務, 1
租用公車, 1
路樹, 1
國家賠償法, 1
公權力, 1
疑似食品中毒, 1
混雜, 1
花材, 1
茶葉渣, 1
咖啡渣, 1
甘蔗渣, 1
中藥渣, 1
標線型人行道, 1
住宅用火災警報器補助, 1
體位區分標準, 1
課程範圍, 1
廢日光燈管, 1
大陸人士工作, 1
工廠名錄, 1
戶籍資料及身分證, 1
國民身分證, 1
繫安全帶, 1
家庭照顧假, 1
學雜費減免補助, 1
學費, 1
高中職低收入戶, 1
中低收入戶學, 1
雜費減免, 1
快速道路, 1
路線圖, 1
開闢道路, 1
國家考試, 1
兒童牙齒塗氟, 1
育嬰留停, 1
萬安演習, 1
普通傷病, 1
終止勞動契約, 1
交通時間, 1
假日工作, 1
成立新公司, 1
勞退提撥, 1
閱覽服務問題, 1
合格溫泉業者, 1
完成證明受理機關, 1
工廠建築物用途, 1
手續, 1
認養。, 1
導盲磚, 1
違約金, 1
基本費, 1
天然瓦斯, 1
供應, 1
轄區, 1
路不平, 1
道路維護, 1
側溝, 1
公益廣告, 1
民意, 1
工程進度, 1
鑰匙遺失, 1
生技業, 1
生技產品, 1
行銷管道, 1
無菸人行道, 1
廠證遺失, 1
促進產業升級條例, 1
核定完成證明書內容可否變更, 1
投資計畫之開工日期, 1
工廠校正, 1
租稅減免計畫變更, 1
完成證明項目, 1
外國公司辦理動擔保, 1
動產擔保債權金額, 1
外幣, 1
動產質押, 1
標的物所有權證明, 1
動產擔保登記機關, 1
信託占有定義, 1
附條件買賣定義, 1
動產抵押定義, 1
動產擔保交易登記種類, 1
動產擔保應附文件及申請書表, 1
檢舉專線, 1
未登記工廠處理過程, 1
工廠英文證明書, 1
工廠登記印章遺失, 1
工廠登記證遺失, 1
一址多廠, 1
工廠遷移廠址, 1
工廠規費繳納, 1
工廠會勘, 1
工廠環保許可, 1
工廠特許, 1
工廠可座落使用分區, 1
特定工廠定義, 1
土地使用分區證明, 1
中華民國行業標準分類, 1
地下水鑿井業, 1
自用發電, 1
工商產業節約能源, 1
節約能源業務, 1
專任電氣技術人員及用電設備檢驗維護業, 1
公用電氣設備之檢查, 1
文化就在巷子, 1
士林官邸, 1
身高體重, 1
體位標準, 1
體格, 1
在學緩徵, 1
歸僑役男, 1
委辦, 1
古蹟破壞, 1
古蹟損毀, 1
錢穆故居, 1
林語堂故居, 1
古蹟修復資格, 1
地球, 1
網路追思, 1
信仰, 1
起徵, 1
實施, 1
立法, 1
非軍事, 1
義務, 1
社會, 1
宗教因素, 1
定位, 1
身分, 1
獨子, 1
離營, 1
如何, 1
歸鄉報到, 1
戶籍地, 1
回役, 1
判定, 1
轉役, 1
義務役, 1
救助, 1
傷亡, 1
在營官兵, 1
事故, 1
損害, 1
冤屈, 1
全民健保, 1
投保, 1
眷屬, 1
意外險, 1
市民, 1
上網, 1
提供, 1
清明節, 1
公車處, 1
忠靈堂, 1
台北市, 1
榮民, 1
安厝, 1
喪葬, 1
生活扶助, 1
戶籍地分發, 1
因公, 1
死亡, 1
徵屬, 1
延期徵集, 1
應徵, 1
徵集, 1
體位區分, 1
兵役課, 1
軍種, 1
兵科, 1
折抵, 1
訓期, 1
軍事, 1
縮短役期, 1
折抵役期, 1
紫藤盧, 1
台北故事館, 1
臺北流行音樂中心, 1
流行音樂中心, 1
北部流行音樂中心, 1
臺北藝術中心, 1
堤防邊, 1
告示牌, 1
公園內餵食鳥禽, 1
寵物牲畜, 1
入園規定, 1
綠地, 1
芒果, 1
果實, 1
路燈桿, 1
懸掛廣告旗幟, 1
路燈電費認捐, 1
路燈點滅, 1
路燈遷移, 1
景觀燈, 1
路燈漏（感）電, 1
公園土地捐贈, 1
廉政, 1
劇場, 1
展示, 1
觀測室, 1
護照補助, 1
戒菸訓練, 1
戶外定點吸菸區, 1
無菸公園, 1
有效期間, 1
許可使用, 1
共同管道, 1
木柵垃圾焚化廠, 1
博嘉運動公園, 1
游泳池兒童證, 1
設立登記, 1
出庭, 1
私人原因, 1
輪班, 1
行業行, 1
資遣費計算, 1
公路客運, 1
國道客運, 1
新莊, 1
大橋國小, 1
復職, 1
年休假, 1
職工褔利, 1
吊扣車輛, 1
學齡前兒童, 1
散瞳後驗光, 1
合約;水費;保障;權益;用水, 1
勞動權益受損檢舉申訴, 1
私有土地, 1
徵收補償, 1
移轉, 1
房屋, 1
地上物, 1
未施放過鞭炮, 1
罷工, 1
權利事項, 1
生活費用補助, 1
田野燃燒, 1
施放天燈, 1
汽車運輸業, 1
個人計程車客運業, 1
計程車客運服務業, 1
公車動態查詢, 1
到站時間, 1
市府, 1
獨居長者, 1
尋找遺失物, 1
蜂鳴器, 1
任意變換車道, 1
滯留載客, 1
脫班, 1
過站不停, 1
計程車乘客申訴, 1
無線電叫車, 1
坐貓空纜車後, 1
若再搭貓空遊園公車, 1
是否需費用或有優惠?, 1
客運業, 1
開業, 1
一日遊, 1
船舶, 1
入社, 1
社員, 1
退社, 1
個人車行, 1
強佔, 1
地盤, 1
特定, 1
延滯, 1
計時, 1
跳表, 1
外國, 1
人, 1
士, 1
叫車, 1
0800, 1
免付費, 1
呼叫, 1
職業駕照, 1
新增, 1
系統, 1
預估, 1
不準, 1
街頭, 1
甄選, 1
選辦, 1
奧林匹克, 1
主辦國家, 1
就業服務機構, 1
轉換雇主或終止聘雇, 1
轉換雇主, 1
提前終止聘僱關係, 1
失蹤, 1
逃逸, 1
入國三日通報, 1
外勞健康檢查, 1
獎勵金申請, 1
獎勵金追溯, 1
方案補助, 1
役畢, 1
勞工權益基金, 1
事假, 1
安胎假, 1
外祖父母, 1
計時人員, 1
義父義母, 1
特定性工作, 1
繼續性工作, 1
童工, 1
不定期契約, 1
定期契約, 1
停工期間工資, 1
個人信用資料, 1
部份工時, 1
公傷假, 1
試用期, 1
義務兵請假, 1
點召, 1
服兵役, 1
競業禁止, 1
按件計酬, 1
交通費, 1
制服費用, 1
員工旅遊, 1
薪資, 1
假日加班, 1
加倍工資, 1
補休, 1
資遣通報逾期, 1
資遣通報到職, 1
取消資遣通報, 1
資遣通報留用, 1
資遣通報線上申辦, 1
資遣通報罰則, 1
資遣通報例假日, 1
資遣通報1人, 1
資遣通報主管機關, 1
資遣通報法規, 1
英文版勞基法手冊, 1
預告工資, 1
預告終止契約, 1
勞動契約終止事由, 1
謀職假, 1
終止契約, 1
計算標準, 1
假日出勤, 1
私立學校, 1
私立幼稚園, 1
托兒所, 1
私立相關教育事業, 1
工商團體, 1
社會團體, 1
自由職業團體, 1
會計師, 1
傳教機構勞工, 1
藝文業, 1
私立特殊教育事業與社會教育事業及職業訓練事業, 1
病假, 1
勞動基準法第84條之1約定書, 1
職業安全衛生管理人員資格認定, 1
報名職業安全衛生教育訓練, 1
職業安全衛生法查詢, 1
職業傷病管理服務中心查詢, 1
發現工地危害之通報, 1
核銷期限, 1
計畫變更, 1
不補助, 1
課程時數, 1
講師資格, 1
勞動教育補助上限, 1
申請期限, 1
補助對象, 1
稽催, 1
退還勞工退休準備金, 1
註銷專戶, 1
抵觸, 1
遷他市, 1
降低, 1
分支機構, 1
報備, 1
範例, 1
住宅, 1
建購, 1
修繕, 1
比賽種類, 1
廣告管理, 1
業務執掌, 1
企業托兒, 1
比賽總類, 1
籌辦單位, 1
民間代清除, 1
發行, 1
何時, 1
自願付費, 1
指定, 1
大眾傳播, 1
不服舉發, 1
宣傳行銷, 1
太陽能, 1
太陽光電, 1
管理單位, 1
法令依據, 1
自來水處, 1
鳴笛, 1
違規張貼廣告, 1
違規張貼小廣告, 1
所得差距, 1
消費者物價, 1
物價, 1
醫學美容, 1
調處, 1
行人專用清潔箱, 1
大客車, 1
聯營, 1
鎖卡, 1
同人, 1
氣車, 1
車號, 1
搭船, 1
碼頭, 1
遊園公車, 1
陽明山, 1
空, 1
低地板公車, 1
水利法, 1
預算執行, 1
夫妻, 1
管理系統, 1
環保小撇步, 1
好孕胸章, 1
讓座胸章, 1
輔具, 1
聯名卡, 1
機油, 1
貓沙, 1
北投, 1
士林, 1
產業, 1
營建工程, 1
夜間施工噪音, 1
自然人憑證, 1
當機, 1
手套, 1
室內空氣, 1
禁煙, 1
吸煙, 1
插座, 1
絕緣, 1
感電災害, 1
墜落, 1
四機一腦, 1
挖管證明, 1
運輸機, 1
獎品, 1
獎勵, 1
省錢, 1
祝福金, 1
典當, 1
金牌, 1
黃金條塊, 1
額度, 1
動質處, 1
贖回, 1
汽車借款, 1
手錶, 1
流當品, 1
未滿20歲, 1
質借證件, 1
特殊境遇婦女子女, 1
健康臺北季刊APP, 1
觀光護照, 1
1日票, 1
2日票, 1
3日票, 1
5日票, 1
貓纜, 1
無牌車；領車, 1
月台票, 1
律師公會, 1
變更原住民身分, 1
滿5歲至國小入學前疫苗接種, 1
額滿分發原則, 1
畢業證書, 1
國中申請補發, 1
高中申請補發, 1
幼兒學前教育, 1
換表, 1
文康活動, 1
退休俸, 1
發放, 1
退休教職員;活動, 1
家長會, 1
學雜費及書籍補助, 1
低收入子女, 1
服務對象, 1
不限於臺北市民, 1
全國, 1
公共場所, 1
錯誤訊息, 1
忘記密碼, 1
帳號, 1
智慧型手機, 1
手機認證碼, 1
無線網路名稱, 1
頻寬, 1
各級學校特教班, 1
分散式資源班, 1
特殊教育學生補助, 1
特殊教育學生助學金, 1
越區就讀, 1
教育補助, 1
過動兒升學輔導, 1
特教幼兒, 1
發展持緩, 1
國小身心障礙, 1
中途退學, 1
青年留學免息貸款, 1
留學, 1
減班, 1
教師任免, 1
聘用, 1
代理代課供需, 1
代課, 1
不適任教師, 1
教師資格檢定, 1
教師證, 1
高職同等學力, 1
私立大專, 1
公費就學, 1
學雜費收費標準, 1
退費規定, 1
教師登記, 1
教師證書, 1
遺失補發, 1
時數, 1
技專校院, 1
升學路進, 1
二技, 1
四技二專, 1
輟學, 1
同等學力, 1
牛仔褲, 1
水溫, 1
套票, 1
全額, 1
蛙鞋, 1
公務人員, 1
學習時數, 1
導盲犬, 1
信義運動中心, 1
三張里, 1
公園, 1
信義廣場, 1
學生票, 1
正本, 1
吹風機, 1
室內拖鞋, 1
淋浴間, 1
更衣室, 1
陪同者, 1
歲修, 1
綜合業務, 1
邀約市長, 1
幼兒生命教育, 1
一般廢棄物之污染行為時, 1
所違反的環保法令及罰責為何, 1
人力資源調查, 1
2點式, 1
3點式, 1
輔助座墊, 1
十二年國教, 1
公立國中, 1
學歷檢覈, 1
學籍, 1
高國中學籍, 1
課輔, 1
入學問題, 1
休復學, 1
大學區, 1
安全座椅, 1
汽車前座, 1
未配備安全帶, 1
後座免繫安全帶, 1
後座繫安全帶, 1
成人, 1
溫泉量, 1
圖書資料借閱與歸還, 1
髮禁, 1
行政機關, 1
基本學力測驗, 1
回國就學, 1
華僑學校, 1
報考高中, 1
升高中, 1
就學貸款, 1
失業, 1
近貧, 1
中低收入, 1
教師會, 1
社會局, 1
會長證書, 1
公費補助, 1
就學優待, 1
軍公教遺族, 1
升大學, 1
大學學測, 1
高中肆業, 1
報考大學, 1
如何申訴, 1
共同學區, 1
教師, 1
校外補習, 1
非法補習, 1
教師補習, 1
教師兼課, 1
不合法, 1
國高中大陸學歷驗證, 1
全戶設籍, 1
其他入學問題, 1
居留證過期, 1
超級市場, 1
過期產品, 1
退貨, 1
晚上, 1
受理業務一覽表, 1
無牌車；未懸掛號牌車輛；領車, 1
無牌車；未懸掛號牌車輛；拖吊；保管, 1
無牌車；未懸掛號牌車輛；申訴, 1
無牌車；未懸掛號牌車輛；檢舉, 1
無牌車；未懸掛號牌車輛；稅費；汽車燃料使用費, 1
淹水疏散避難, 1
樹（灑）葬地點, 1
樹（灑）葬費用, 1
樹葬骨灰處理, 1
樹（灑）葬, 1
埋葬許可, 1
禮堂, 1
靈柩, 1
噴藥, 1
滑草, 1
紅綠燈, 1
糖廍, 1
糖廍文化園區, 1
消防設備, 1
消防安全, 1
防火常識, 1
防災常識, 1
洪水, 1
避難包, 1
1991, 1
報平安, 1
身障專用停車位識別證, 1
身心障礙者專用停車位, 1
不合格, 1
場所, 1
預防火災, 1
瓦斯爐具, 1
緊急出入口, 1
火災警報器, 1
住宅用火災警報器, 1
起火原因, 1
電器走火, 1
電線走火, 1
白熾燈泡, 1
瓦斯行, 1
超量, 1
押瓶費, 1
容器保證金, 1
爆竹煙火, 1
救護證明, 1
救護案件, 1
鳯凰志工, 1
義消, 1
水井, 1
救難人員, 1
交通罰鍰, 1
禮讓, 1
蜂窩, 1
登山, 1
補僱, 1
從業人員, 1
狗, 1
受困, 1
破壞, 1
檢點, 1
外牆, 1
塔吊, 1
工地, 1
兒童口腔篩檢, 1
菸害防治法, 1
繳費通知單繳費, 1
電氣, 1
同一停車格開單方式及認定方式, 1
議價, 1
採購疑義, 1
統一發票中獎, 1
文化海報框, 1
污水下水道使用費, 1
禁停, 1
攤商, 1
玩水, 1
戲水, 1
親水, 1
開發, 1
許可, 1
劃定, 1
道路工程, 1
消毒, 1
動物認養, 1
動物帶回家養, 1
動物園的志工, 1
有提供學習單, 1
有提供場地租借服務, 1
申請團體預約導覽, 1
考試分發, 1
管理規則, 1
110, 1
人口搬遷, 1
依據及標準, 1
導盲犬可進動物園, 1
定型化, 1
補助申請, 1
國中小學, 1
網上, 1
線上, 1
水管, 1
領獎, 1
領錢, 1
生火烤肉, 1
車子, 1
熱水, 1
洗澡, 1
前往, 1
解除保安林, 1
申請非保安林證明, 1
內雙溪藥用植物園, 1
區內遺失東西, 1
動物園附近住宿資訊, 1
室內植物, 1
溫泉產出, 1
機構, 1
推動節能減碳, 1
溫泉開發申請, 1
聯絡, 1
網頁, 1
榮譽, 1
游泳圈, 1
泳圈, 1
清場, 1
議會, 1
回饋, 1
陪同, 1
家長, 1
小孩, 1
買票, 1
櫃臺, 1
寒假, 1
暑假, 1
差額, 1
置物櫃, 1
貴重物品, 1
溫水, 1
使用費, 1
測試, 1
統一, 1
私人, 1
球場, 1
教練, 1
老師, 1
家人, 1
親人, 1
親子, 1
指導, 1
毛巾, 1
汗水, 1
流汗, 1
酸鹼值, 1
氯, 1
上限, 1
水道, 1
工作人員, 1
赤腳, 1
隱私, 1
蚊子館, 1
民間, 1
上班, 1
人事行政局, 1
違規使用, 1
蓋遊園紀念章, 1
白熾燈, 1
LED, 1
工商業, 1
每度用水排放二氧化碳約當量及計算公式, 1
戒菸輔導區, 1
吸菸區, 1
信義路, 1
建國假日花市, 1
花市, 1
茶展中心, 1
家庭教育, 1
綠化教育, 1
栽種, 1
照顧植栽, 1
室內配線, 1
保齡球館, 1
指壓, 1
限時, 1
基地台電磁波, 1
青少年戒菸教育, 1
青少年, 1
戒菸教育, 1
內湖草莓產, 1
大湖社區草莓園, 1
白石湖草莓園, 1
土地登記類, 1
地契, 1
商號預查, 1
審查費, 1
剝皮寮, 1
簡易溫泉開發許可, 1
舊衣回收, 1
容積率, 1
建築法, 1
車廂, 1
冷, 1
熱, 1
冷氣, 1
悶, 1
健康減重, 1
肥胖防治, 1
接用自來水, 1
單一窗口, 1
拍攝, 1
協拍, 1
不見, 1
被偷, 1
失竊, 1
偷水, 1
私接, 1
裝潢, 1
搬, 1
挖, 1
申請證明, 1
沒人住, 1
沒住人, 1
不用水, 1
審圖, 1
翻拍服務, 1
導覽服務, 1
場地狀況, 1
事物管理, 1
申請攝影, 1
李國鼎, 1
李國鼎故居, 1
競賽資訊, 1
公有房舍, 1
文化館, 1
萬華區, 1
移植, 1
建築執照, 1
社區藝文資源與資訊之整合, 1
生活品質, 1
動物園購物是否可以使用信用卡或國民旅遊卡信用卡, 1
購物, 1
國民旅遊卡, 1
刷卡, 1
環境影響評估, 1
陳先生, 1
愛心獎學金, 1
市民臨時工, 1
低放入戶, 1
因公傷亡, 1
偽袋, 1
申請販售, 1
台北市專用垃圾袋, 1
販售資格, 1
毒性化學物質, 1
交通安全, 1
掉落水溝, 1
顏色, 1
大腸桿菌, 1
皮箱, 1
檢測資料, 1
檢測業務, 1
簽約文件, 1
簽約時間, 1
核對正本文件, 1
參加, 1
開標, 1
發票抬頭, 1
差額保證金, 1
保固保證金, 1
招標文件, 1
冷凍空調工程, 1
空污費, 1
營建, 1
輻射檢測, 1
輻射檢測資訊, 1
汽機車消音器, 1
汽車防盜器, 1
演唱會, 1
大賣場, 1
飲酒作樂, 1
冷氣滴水, 1
鄰居製造, 1
噪音管制分區, 1
補助款, 1
航空噪音防制經費補助, 1
噪音申訴, 1
烏賊車檢舉, 1
抽油, 1
檢驗期限展延, 1
不當收費檢舉, 1
定檢通知單, 1
定檢站, 1
定期定檢, 1
沙塵暴, 1
地下水體設施監測申請, 1
水污染防治申請, 1
下水道申請, 1
水塔維護及檢查, 1
水質檢驗(自來水), 1
病媒防治業許可執照, 1
環境用藥販賣業許可執照, 1
亂丟垃圾罰款, 1
非清運時間, 1
家戶廚餘, 1
巨大垃圾, 1
方式, 1
自己建物, 1
噴漆, 1
舊貨, 1
免洗餐具, 1
環保署, 1
保麗龍, 1
抵價券, 1
製造, 1
環境評估, 1
大樓管理, 1
非游離輻射, 1
高壓電塔, 1
治安議題, 1
態度, 1
服務人員, 1
執行長, 1
OT, 1
票卷, 1
流用, 1
通用, 1
廠商, 1
舞蹈教室, 1
舞蹈, 1
售票, 1
提供遊客緊急電話服務位置緊急電話, 1
競選, 1
存摺帳戶, 1
消保官, 1
體育處, 1
綜合計劃科, 1
過年, 1
春節, 1
終止, 1
書面, 1
紙本, 1
協議書, 1
終生會籍, 1
鋼筋混凝土, 1
記者, 1
閣樓, 1
保勞, 1
搭乘交通, 1
錄取, 1
上課時間, 1
中高齡, 1
參訓, 1
非自願離職, 1
椅子, 1
投幣式, 1
卡式, 1
願景, 1
技能檢定, 1
影視協拍, 1
就業快訊, 1
「台北人力銀行網站」求職求才服務, 1
約聘僱, 1
感應, 1
門擋, 1
暑假期間有夜間開放及星光票價優惠, 1
夜間開放, 1
理賠, 1
醫療費, 1
溫泉法, 1
緩衝, 1
兩段式左轉, 1
北都, 1
電腦基礎, 1
三小時上網訓練, 1
雙胞胎, 1
未婚媽媽, 1
設籍時間, 1
政大, 1
移動式抽水機, 1
容積移轉, 1
規定辦理, 1
穿越土地, 1
內湖線, 1
高架段, 1
側牆, 1
房屋土地, 1
潛盾隧道, 1
公路法, 1
大眾捷運法, 1
點交, 1
公共建設, 1
建議書, 1
稅捐稽徵, 1
通風口, 1
路權, 1
侵入, 1
橡膠, 1
土地使用, 1
社區心理諮商服務, 1
修改, 1
通行證, 1
參觀大熊貓是否要抽取號碼牌, 1
動物園內直接往返搭乘貓空纜車, 1
貓空纜車, 1
營造業, 1
簡易水土保持申報書, 1
問申請簡易水土保持申報書, 1
申辦非保安林證明, 1
登山步道資料, 1
親山步道主題網, 1
登山步道, 1
書籍, 1
貓空遊覽健行, 1
步道, 1
幾條, 1
土石流潛勢溪流, 1
山坡地開發案, 1
水土保持計畫申請案, 1
水土保持計畫, 1
申請基地, 1
登山步道摺頁, 1
老舊聚落, 1
山坡地違規開挖, 1
水土保持保證金, 1
補發公文, 1
蓋章, 1
管制之案件, 1
發文及歸檔, 1
代理決行文稿, 1
文稿上蓋章, 1
收文編號, 1
上行文, 1
下行文, 1
如何蓋印, 1
簽署, 1
文不屬於本機關主管業務範圍, 1
處理速別, 1
簽, 1
便箋, 1
長官字樣, 1
職名章刻製, 1
發文代字, 1
組織更名, 1
申請印信, 1
車輛失竊, 1
無照, 1
自小客, 1
卸貨停車位, 1
巷弄, 1
保管費, 1
私有地, 1
執業登記, 1
失蹤人口, 1
外勞體檢, 1
五合一疫苗, 1
育藝深遠, 1
重劃, 1
螢光燈, 1
光源, 1
電子式安定器, 1
燈具, 1
冷氣機, 1
公告地價, 1
原規定地價, 1
前次移轉現值, 1
分算, 1
使用對象, 1
污水廠, 1
八里, 1
衛工處, 1
1度, 1
客委會, 1
想要學客家話, 1
有什麼管道？, 1
一生一屋, 1
臨時用水, 1
引水, 1
嬰幼兒疫苗接種, 1
禽流感盛行小朋友到動物園安全, 1
注意, 1
企鵝館內拍照可以使用閃光燈, 1
園區大門廣場噴泉展示時間, 1
動物園索取地圖, 1
撿到的動物或家中寵物不可以送給動物園, 1
客家, 1
會館, 1
普通級, 1
電子遊戲機之判定, 1
公共安全, 1
賭博, 1
電子遊戲機, 1
電玩電子遊戲機, 1
益智類, 1
娛樂類, 1
逃漏稅, 1
獎學金, 1
求才服務, 1
抽水站, 1
取水, 1
無牌汽車, 1
電動代步車, 1
漏氣, 1
民法, 1
都市計畫圖, 1
申請抄錄, 1
指定聯絡人, 1
或聯絡地址, 1
自領, 1
領件, 1
營利事業統一發證, 1
廢止, 1
營利事業, 1
典權, 1
團體輔導, 1
改推董事, 1
出資轉讓, 1
逾期處罰, 1
申報與諮詢, 1
沒用水, 1
清潔費, 1
變多, 1
住家, 1
客服, 1
業務, 1
零賣, 1
水車, 1
買水, 1
災害發生, 1
逃生方法, 1
緩降機, 1
爆炸, 1
漏電, 1
電線檢查, 1
鋼瓶, 1
檢驗合格標誌, 1
癲癇, 1
抽搐, 1
挖斷瓦斯管, 1
燙傷, 1
哽塞, 1
異物, 1
哈姆立克法, 1
急救, 1
嬰兒, 1
化學, 1
溺水, 1
螫傷, 1
毒蛇, 1
觀光景點, 1
行人指標, 1
電影製作, 1
變更登記事項卡, 1
英文版, 1
使用現況, 1
計畫書, 1
報告書, 1
橋頭, 1
力行, 1
警察廣播電台, 1
橋梁, 1
大坑, 1
降雨量, 1
河水, 1
新臺幣, 1
應備文件, 1
租屋, 1
管理及資格證明抄錄, 1
求職, 1
新移民就業, 1
護理人員換照, 1
藥商執照, 1
廣字號, 1
客貨, 1
道路交通安全, 1
繳費通知單, 1
道路交通管理, 1
車位, 1
統一編號, 1
新型流感注意, 1
個人衛生, 1
臺北市立動物園, 1
授權書, 1
違章, 1
殘障者, 1
駕照, 1
估價單, 1
報價單, 1
貼花, 1
持分, 1
分單, 1
稅單, 1
遺產, 1
原出售, 1
兩年內, 1
農業用地, 1
不課徵, 1
馬桶阻塞, 1
變更組織, 1
溢繳, 1
代扣, 1
星期五, 1
限時停車, 1
居家護理服務, 1
匯票, 1
扣繳, 1
逾期繳費單過期, 1
英文, 1
權狀補發, 1
副董事長, 1
收入, 1
各縣市政府, 1
無懲戒證明, 1
良醫證, 1
地理資訊, 1
銷售量, 1
公平交易委員會, 1
便利超商, 1
警察機關, 1
已逾期, 1
四等行政警察, 1
在職員警進修, 1
凶宅, 1
輻射屋, 1
海砂屋, 1
二次施工, 1
成屋, 1
預售屋, 1
要約書, 1
應記載及不得記載事項, 1
大貨車, 1
聯結車, 1
臨時通行證, 1
公司名稱, 1
所營事業, 1
預查, 1
選任, 1
視訊, 1
開會, 1
簽到簿, 1
語障, 1
警局, 1
護照, 1
改寄, 1
自行車架, 1
登記面積, 1
夾層, 1
工業住宅, 1
發生局限空間缺氧或中毒, 1
局限空間作業場所危害預防措施, 1
局限空間作業場所, 1
局限空間危害, 1
硫化氫, 1
缺氧本處FAQ, 1
納稅, 1
空屋, 1
自我傷害, 1
自殺防治中心, 1
安全檢查, 1
合格證, 1
細明體, 1
便民工作站, 1
營利事業登記, 1
參訪;, 1
污水處理廠, 1
基本資料, 1
櫃檯服務時間, 1
案件辦理情形, 1
查詢電話, 1
諮詢服務電話, 1
範圍, 1
公司組織, 1
營業房屋, 1
記載方式, 1
中盤商, 1
自動販賣機, 1
讀音, 1
字型, 1
字義, 1
英文字母, 1
特取, 1
手工, 1
農林漁牧, 1
民宿, 1
網路商店, 1
免費撥接上網, 1
免費撥接服務, 1
商店, 1
對外營業, 1
商業登記資料, 1
利害關係, 1
商號, 1
出租, 1
承租, 1
網站經營, 1
人名, 1
保留期限, 1
市招, 1
小規模, 1
分店, 1
協會, 1
基金會, 1
折舊, 1
領養, 1
中元節, 1
中秋節, 1
固定式起重機, 1
荷重試驗, 1
拖吊車, 1
專人指揮, 1
額定荷重, 1
吊掛作業, 1
腳踏車架, 1
竊, 1
勞動條件實務, 1
職業病, 1
職業災害統計, 1
職業災害報案, 1
一般行業勞工, 1
安全衛生管理實務, 1
勞工安全衛生教育訓練, 1
勞工安全衛生人員規範, 1
挖土機, 1
申訴公告書, 1
公告事項, 1
軍人保險, 1
勞保局, 1
承攬, 1
司法, 1
人力需求, 1
勞保, 1
反毒, 1
檢查結果, 1
司法機關, 1
勞動檢查結果, 1
勞動檢查程序, 1
檢查員權限, 1
危險性工作場所, 1
勞工保險條例, 1
勞工安全衛生法令, 1
勞動基準法, 1
勞動條件, 1
捲揚機, 1
木板, 1
石綿, 1
煞車, 1
地政事務所, 1
IC卡, 1
浴室, 1
職場, 1
自主認證, 1
救護技術員, 1
OK標章, 1
自主管理, 1
兒童及少年福利法, 1
研究報告, 1
公務出國報告, 1
年度研究發展項目, 1
先期審查作業, 1
行列, 1
臺北市議會, 1
橫向聯繫, 1
管轄權爭議, 1
所在地登記, 1
財產抵繳, 1
機器, 1
股款, 1
成年禮, 1
旅館；營業衛生, 1
產後護理之家, 1
密醫, 1
器官捐贈同意卡, 1
許可執照, 1
職稱經理人, 1
職權範圍, 1
無障礙廁所, 1
水上摩托車, 1
偽造, 1
所有權移轉, 1
服飾文化館, 1
化糞池;, 1
用戶接管, 1
河濱公園攤販, 1
萬聖節, 1
偶戲, 1
弱勢團體, 1
犬隻不續養, 1
狂犬病預防注射証明卡遺失, 1
犬隻攻擊人, 1
行照, 1
口香糖, 1
汽車駕駛, 1
使用道路, 1
交通執法, 1
股份移轉, 1
股份轉讓, 1
公司登記地址, 1
實際地址, 1
不合, 1
獨資商號, 1
合夥商號, 1
命令解散, 1
姓名, 1
董監事, 1
續任, 1
華僑, 1
僑外投資, 1
填寫, 1
經濟部工業局, 1
登記表, 1
次數, 1
填報, 1
證明申請, 1
照顧服務員, 1
節能標章, 1
節能標章電器, 1
產品, 1
燃料, 1
承裝業, 1
校外教學, 1
寄養, 1
晶片, 1
絕育, 1
北污水;, 1
框蓋;凹陷, 1
生物藥品檢定, 1
生物藥品查驗, 1
犬貓三合一計畫, 1
除草, 1
圍籬, 1
動物救護車, 1
流浪動物, 1
緊急救難, 1
TNR, 1
街貓誘捕絕育回置方案, 1
流浪貓絕育補助, 1
寵物消費爭議, 1
國內都市, 1
國際都市, 1
刊物, 1
公務預算, 1
基金預算, 1
綜計表, 1
特別費, 1
未完成審議, 1
追加預算, 1
概算, 1
法定預算, 1
總預算案, 1
籌編, 1
政府, 1
暫停, 1
期間, 1
停車管理, 1
團體票, 1
節慶期間, 1
燃放鞭炮, 1
低空煙火, 1
河濱公園開放烤肉, 1
種苗業登記, 1
預查表, 1
法人代表人, 1
法人股東, 1
刊登廣告, 1
免費索取, 1
快遞, 1
先登, 1
展覽活動, 1
擋道, 1
人才培訓, 1
音樂會, 1
電臺, 1
圓山, 1
廣播電臺, 1
頻率, 1
選拔, 1
車輛事故, 1
覆議, 1
車輛行車事故, 1
道路舉辦活動, 1
即時交通資訊, 1
動物園附近有哪些景點交通路線, 1
深坑老街, 1
交通路線, 1
動物園的公共服務申請注意事項, 1
遊客服務中心有寄物服務, 1
寄物櫃, 1
動物園全面禁菸動物園, 1
尿布臺, 1
提供開水, 1
小黑蚊那麼多預防措施, 1
夏天, 1
預防措施, 1
長袖, 1
動物園禁止寵物入園, 1
遊客, 1
遊客必須遵守的注意事項, 1
動物園的交通工具及停車資訊, 1
建議的遊園行程, 1
自行車道, 1
希望噴泉, 1
河濱公園設施, 1
堤坡護岸, 1
雜草太長, 1
河川區域, 1
構造物, 1
疏散門啟閉, 1
滯停堤外車輛, 1
申請垃圾代焚化, 1
用電設備, 1
停車格位查詢, 1
機退, 1
機車退出騎樓, 1
違規通知單, 1
繳費單, 1
開單, 1
選擇性, 1
執法不公, 1
限時車格位, 1
卸貨車格位, 1
變更申請, 1
法令規定, 1
指引標誌, 1
停車收費, 1
週日及國定假日收費路段, 1
限時停車位, 1
停車場借（租）用, 1
停車場指引標誌, 1
房屋裝修, 1
冷氣機滴水, 1
塑膠袋, 1
申辦服務, 1
捷運警察隊, 1
警察行列, 1
申辦案件, 1
所在地變更, 1
利害關係證明文件, 1
註銷, 1
櫃台服務, 1
發件櫃檯, 1
公示資料, 1
不同縣市, 1
跨轄區, 1
送件, 1
語音傳真服務, 1
機關網址, 1
公司登記諮詢電話, 1
收件時間, 1
繳費地點, 1
繳費方式, 1
收件處, 1
服務地址, 1
臺北市商業處, 1
辦公室, 1
申辦登記, 1
證券交易稅, 1
遺產稅, 1
禁止處分, 1
註銷牌照, 1
電子領標, 1
施工噪音, 1
工地事故, 1
防汛期, 1
試車, 1
犬貓認領, 1
犬貓認養, 1
寵物晶片, 1
動物疾病, 1
豬瘟疫苗, 1
狂犬病鑑定, 1
寵物專區, 1
圖書借閱, 1
義工, 1
藝術品鑑定, 1
藝術品寄存, 1
作品修復, 1
作品借展, 1
文化育樂活動之推廣, 1
資料索取, 1
有店面有座位之小吃店是否限制使用購物用塑膠袋, 1
藝術村, 1
蔡瑞月舞蹈研究社, 1
臺北市電影主題公園, 1
臺北之家, 1
牯嶺街小劇場, 1
文化局各館所資訊, 1
市長官邸, 1
永安藝文館, 1
表演36工坊, 1
芝山文化生態綠園, 1
公共藝術網站, 1
公共藝術作品欣賞, 1
樹木保護, 1
土地補償, 1
土地價購, 1
路網圖, 1
疏散門, 1
水門, 1
橋涵, 1
水利設施, 1
圳溝, 1
圳溝加蓋, 1
山坡地, 1
山坡地開發, 1
纜線暫掛, 1
溝蓋損壞, 1
溝體損壞, 1
排水系統圖, 1
排水系統, 1
水溝, 1
污水管, 1
水溝損壞, 1
申請救助, 1
排水審查, 1
積水查報, 1
人孔蓋損壞, 1
圓型, 1
鐵鈑, 1
施作項目, 1
用戶排水, 1
祭祀公業法人, 1
申請設立, 1
清理備查, 1
相關書表, 1
祭孔活動, 1
參加方式, 1
新移民相關資訊, 1
戶政即時通, 1
街路名英譯, 1
英譯路名, 1
拼音路名, 1
限制行為能力人, 1
申請人資格, 1
未成年子女印鑑登記, 1
旅外僑民印鑑證明, 1
門牌發放, 1
門牌增併編, 1
外籍配偶離婚, 1
研討會, 1
國際會議補助, 1
醫藥衛生, 1
會議補助, 1
外籍勞工健檢, 1
溫泉；注意事項；衛生公告, 1
預防注射證明申請, 1
旅客衛生行為, 1
旅客傳染病, 1
通報處理, 1
紅眼症, 1
菸害, 1
心血管疾病防治網, 1
衛生保健, 1
志工資格, 1
職業病防治, 1
健康服務中心管理, 1
家戶健康服務, 1
衛生檢驗, 1
自費檢驗, 1
第7胎, 1
支援救護, 1
救護車收費, 1
救護車服務, 1
身心障礙相關法規, 1
身心障礙手冊申請, 1
身心障礙者鑑定, 1
心理師執業, 1
精神復健機構, 1
病房助理員, 1
陪病問題, 1
天使人力銀行, 1
志工協助, 1
暫托服務, 1
陽光假期, 1
計畫, 1
大溫暖社會福利套案, 1
第13胎, 1
第12胎, 1
第1胎, 1
第8胎, 1
執業執照遺失, 1
執業執照更改, 1
護理人員證書遺失, 1
歇業停業, 1
反應處理程序, 1
旅遊就醫, 1
登記規費, 1
地籍資料, 1
遺贈, 1
MRT, 1
TRTC, 1
METRO, 1
資訊顯示器, 1
倒數, 1
保養, 1
尖峰, 1
離峰, 1
離站, 1
音樂, 1
擦手紙, 1
尋人, 1
上市, 1
專案小組, 1
陳情人, 1
旁聽, 1
都市計畫法, 1
幕僚人員, 1
技士, 1
土木工程, 1
增建, 1
歸戶, 1
產權, 1
申請管道, 1
謄本申請書, 1
地政謄本, 1
信託專簿, 1
歸戶查詢, 1
地籍異動索引查, 1
詢, 1
節本, 1
書狀工本費, 1
請求時效, 1
破產登記, 1
假處分, 1
假扣押, 1
抵押權塗銷, 1
他項權利證明書, 1
抵押權設定登記, 1
塗銷登記, 1
申請時機, 1
發狀, 1
法院拍賣, 1
設定, 1
夫妻贈與, 1
信託, 1
信託登記, 1
公寓大廈, 1
權狀遺失, 1
公同共有, 1
共有物分割, 1
所有權人在國外, 1
判決, 1
政府出售土地, 1
共有土地, 1
處分, 1
買賣注意事項, 1
停車空間, 1
防空避難設備, 1
原因發生日期, 1
地籍圖謄本, 1
未登記建物, 1
門牌號, 1
簡化建物第一次測量, 1
占用, 1
鋼釘界標, 1
塑膠界標, 1
成果圖, 1
指界, 1
測量標, 1
重測, 1
圖根點, 1
地政工作站電話, 1
上班時間, 1
地政, 1
工作站, 1
工作站位置, 1
無障礙空間, 1
行動不便, 1
專人服務, 1
服務台, 1
疑難雜症, 1
跨所申請謄本, 1
事務所轄區, 1
地政事務所地址, 1
地政事務所業務, 1
申請退費, 1
支票繳費, 1
英文證明, 1
保管, 1
營業損失, 1
農作改良物, 1
建築改良物, 1
一併徵收, 1
核准, 1
陳述意見, 1
協議, 1
新舊地建號, 1
履約爭議, 1
行政院公共工程委員會, 1
採購招標, 1
未立案的宗教場所, 1
取消, 1
訂閱, 1
保證人, 1
兩小無猜, 1
性關係, 1
少女, 1
討債, 1
討債公司, 1
CD, 1
盜版光碟, 1
著作權, 1
著作財產權, 1
性交易, 1
雛妓, 1
毒品, 1
販賣毒品, 1
海洛因, 1
